DROP TABLE "TRAVEL_REQUEST";
DROP TABLE "EXPENSE_DETAILS";
DROP TABLE "TRAVEL_DOCUMENT";
DROP TABLE "CLIENT";
DROP TABLE "TRAVEL_AGENT";
DROP TABLE "PROJECT";
DROP TABLE "EMPLOYEE";
DROP TABLE "TRAVEL_BUDGET";
DROP TABLE "TEAM";

DROP SEQUENCE "CLIENT_SEQ";
DROP SEQUENCE "EMPLOYEE_SEQ";
DROP SEQUENCE "PROJECT_SEQ";
DROP SEQUENCE "TEAM_SEQ";
DROP SEQUENCE "TRAVEL_AGENT_SEQ";
DROP SEQUENCE "TRAVEL_DOCUMENT_SEQ";

--------------------------------------------------------
--  DDL for Sequence CLIENT_SEQ
--------------------------------------------------------

   CREATE SEQUENCE  "CLIENT_SEQ"  MINVALUE 1 MAXVALUE 9999999999999999999999999999 INCREMENT BY 1 START WITH 50010 CACHE 20 NOORDER  NOCYCLE ;
--------------------------------------------------------
--  DDL for Sequence EMPLOYEE_SEQ
--------------------------------------------------------

   CREATE SEQUENCE  "EMPLOYEE_SEQ"  MINVALUE 1 MAXVALUE 9999999999999999999999999999 INCREMENT BY 1 START WITH 20201 CACHE 20 NOORDER  NOCYCLE ;
--------------------------------------------------------
--  DDL for Sequence PROJECT_SEQ
--------------------------------------------------------

   CREATE SEQUENCE  "PROJECT_SEQ"  MINVALUE 1 MAXVALUE 9999999999999999999999999999 INCREMENT BY 1 START WITH 30010 CACHE 20 NOORDER  NOCYCLE ;
--------------------------------------------------------
--  DDL for Sequence TEAM_SEQ
--------------------------------------------------------

   CREATE SEQUENCE  "TEAM_SEQ"  MINVALUE 1 MAXVALUE 9999999999999999999999999999 INCREMENT BY 1 START WITH 10118 CACHE 20 NOORDER  NOCYCLE ;
--------------------------------------------------------
--  DDL for Sequence TRAVEL_AGENT_SEQ
--------------------------------------------------------

   CREATE SEQUENCE  "TRAVEL_AGENT_SEQ"  MINVALUE 1 MAXVALUE 9999999999999999999999999999 INCREMENT BY 1 START WITH 40006 CACHE 20 NOORDER  NOCYCLE ;
--------------------------------------------------------
--  DDL for Sequence TRAVEL_DOCUMENT_SEQ
--------------------------------------------------------

   CREATE SEQUENCE  "TRAVEL_DOCUMENT_SEQ"  MINVALUE 1 MAXVALUE 9999999999 INCREMENT BY 1 START WITH 80300 CACHE 20 NOORDER  NOCYCLE ;
--------------------------------------------------------
--  DDL for Table CLIENT
--------------------------------------------------------

  CREATE TABLE "CLIENT" 
   (	"CLIENT_ID" NUMBER, 
	"CLIENT_NAME" VARCHAR2(80 BYTE), 
	"LOCATION" VARCHAR2(80 BYTE), 
	"CONTACT_NAME" VARCHAR2(40 BYTE)
   );
--------------------------------------------------------
--  DDL for Table EMPLOYEE
--------------------------------------------------------

  CREATE TABLE "EMPLOYEE" 
   (	"EMPLOYEE_ID" NUMBER, 
	"TEAM_ID" NUMBER, 
	"NAME" VARCHAR2(60 BYTE), 
	"ADDRESS" VARCHAR2(100 BYTE), 
	"PHONE_NUMBER" VARCHAR2(20 BYTE), 
	"GENDER" VARCHAR2(1 BYTE), 
	"MANAGER_ID" NUMBER
   );
--------------------------------------------------------
--  DDL for Table EXPENSE_DETAILS
--------------------------------------------------------

  CREATE TABLE "EXPENSE_DETAILS" 
   (	"TRAVEL_DOCUMENT_ID" NUMBER, 
	"ACT_TRAVEL_COST" NUMBER(*,0) DEFAULT 0, 
	"ACT_HOTEL_COST" NUMBER(*,0) DEFAULT 0, 
	"ACT_OTHER_COST" NUMBER(*,0) DEFAULT 0, 
	"RECIEPT_FILE_URL" VARCHAR2(200 BYTE)
   );
--------------------------------------------------------
--  DDL for Table PROJECT
--------------------------------------------------------

  CREATE TABLE "PROJECT" 
   (	"PROJECT_ID" NUMBER, 
	"PROJECT_MANAGER_ID" NUMBER, 
	"PROJECT_NAME" VARCHAR2(80 BYTE), 
	"PROJECT_TYPE" VARCHAR2(20 BYTE), 
	"DESCRIPTION" VARCHAR2(400 BYTE)
   );
--------------------------------------------------------
--  DDL for Table TEAM
--------------------------------------------------------

  CREATE TABLE "TEAM" 
   (	"TEAM_ID" NUMBER, 
	"TEAM_NAME" VARCHAR2(40 BYTE)
   );
--------------------------------------------------------
--  DDL for Table TRAVEL_AGENT
--------------------------------------------------------

  CREATE TABLE "TRAVEL_AGENT" 
   (	"AGENT_ID" NUMBER, 
	"ADDRESS" VARCHAR2(80 BYTE), 
	"NAME" VARCHAR2(60 BYTE), 
	"PHONE_NUMBER" VARCHAR2(20 BYTE), 
	"DISCOUNT_DESCRIPTION" CLOB
   );
--------------------------------------------------------
--  DDL for Table TRAVEL_BUDGET
--------------------------------------------------------

  CREATE TABLE "TRAVEL_BUDGET" 
   (	"TEAMID" NUMBER, 
	"YEAR" VARCHAR2(4 BYTE), 
	"AMOUNT" NUMBER(*,0) DEFAULT 0
   );
--------------------------------------------------------
--  DDL for Table TRAVEL_DOCUMENT
--------------------------------------------------------

  CREATE TABLE "TRAVEL_DOCUMENT" 
   (	"TRAVEL_DOCUMENT_ID" NUMBER, 
	"CLIENT_ID" NUMBER, 
	"PROJECT_ID" NUMBER, 
	"AGENT_ID" NUMBER, 
	"EMPLOYEE_ID" NUMBER, 
	"CREATED_DATE" TIMESTAMP (6) WITH LOCAL TIME ZONE DEFAULT CURRENT_TIMESTAMP, 
	"MGR_STATUS" NUMBER(1,0) DEFAULT 0, 
	"CFO_STATUS" NUMBER(1,0) DEFAULT 0, 
	"FIN_STATUS" NUMBER(1,0) DEFAULT 0, 
	"MGR_LAST_MODIFICATION" TIMESTAMP (6) WITH LOCAL TIME ZONE DEFAULT CURRENT_TIMESTAMP, 
	"CFO_LAST_MODIFICATION" TIMESTAMP (6) WITH LOCAL TIME ZONE DEFAULT CURRENT_TIMESTAMP, 
	"FIN_LAST_MODIFICATION" TIMESTAMP (6) WITH LOCAL TIME ZONE DEFAULT CURRENT_TIMESTAMP
   ) ;
--------------------------------------------------------
--  DDL for Table TRAVEL_REQUEST
--------------------------------------------------------

  CREATE TABLE "TRAVEL_REQUEST" 
   (	"TRAVEL_DOCUMENT_ID" NUMBER, 
	"EST_TRAVEL_COST" NUMBER(*,0) DEFAULT 0, 
	"EST_HOTEL_COST" NUMBER(*,0) DEFAULT 0, 
	"EST_OTHER_COST" NUMBER(*,0) DEFAULT 0
   ) ;

   
--- INSERT DATA ----
--------------------------------------------------------
--  File created - Sunday-December-06-2015   
--------------------------------------------------------
REM INSERTING into TEAM
SET DEFINE OFF;
Insert into TEAM (TEAM_ID,TEAM_NAME) values (10117,'Drilling Services');
Insert into TEAM (TEAM_ID,TEAM_NAME) values (10115,'Heating Systems');
Insert into TEAM (TEAM_ID,TEAM_NAME) values (10116,'Transportation Services');
Insert into TEAM (TEAM_ID,TEAM_NAME) values (10114,'Tunnel Services');
REM INSERTING into TRAVEL_BUDGET
SET DEFINE OFF;
Insert into TRAVEL_BUDGET (TEAMID,YEAR,AMOUNT) values (10114,'2014',250000);
Insert into TRAVEL_BUDGET (TEAMID,YEAR,AMOUNT) values (10115,'2014',80000);
Insert into TRAVEL_BUDGET (TEAMID,YEAR,AMOUNT) values (10116,'2014',30000);
Insert into TRAVEL_BUDGET (TEAMID,YEAR,AMOUNT) values (10114,'2015',200000);
Insert into TRAVEL_BUDGET (TEAMID,YEAR,AMOUNT) values (10115,'2015',100000);
Insert into TRAVEL_BUDGET (TEAMID,YEAR,AMOUNT) values (10116,'2015',50000);
Insert into TRAVEL_BUDGET (TEAMID,YEAR,AMOUNT) values (10117,'2015',100000);
Insert into TRAVEL_BUDGET (TEAMID,YEAR,AMOUNT) values (10114,'2016',200000);
Insert into TRAVEL_BUDGET (TEAMID,YEAR,AMOUNT) values (10115,'2016',100000);
Insert into TRAVEL_BUDGET (TEAMID,YEAR,AMOUNT) values (10116,'2016',50000);
Insert into TRAVEL_BUDGET (TEAMID,YEAR,AMOUNT) values (10117,'2016',100000);
REM INSERTING into CLIENT
SET DEFINE OFF;
Insert into CLIENT (CLIENT_ID,CLIENT_NAME,LOCATION,CONTACT_NAME) values (50000,'Lufthansa','Frankfurt','Hans Zimmer');
Insert into CLIENT (CLIENT_ID,CLIENT_NAME,LOCATION,CONTACT_NAME) values (50001,'DHL','Hamburg','Angela Merkel');
Insert into CLIENT (CLIENT_ID,CLIENT_NAME,LOCATION,CONTACT_NAME) values (50002,'BMW','Munchen','Heidi Klum');
Insert into CLIENT (CLIENT_ID,CLIENT_NAME,LOCATION,CONTACT_NAME) values (50003,'Volkswagen','Wolfsburg','Frank-Walter Steinmeier');
Insert into CLIENT (CLIENT_ID,CLIENT_NAME,LOCATION,CONTACT_NAME) values (50004,'T-Mobile','Berlin','Martin Winterkorn');
Insert into CLIENT (CLIENT_ID,CLIENT_NAME,LOCATION,CONTACT_NAME) values (50005,'Bosch','Stuttgart','Klaus Dreher');
Insert into CLIENT (CLIENT_ID,CLIENT_NAME,LOCATION,CONTACT_NAME) values (50006,'Siemens','Dusseldorf','Winfried Kretschmann');
Insert into CLIENT (CLIENT_ID,CLIENT_NAME,LOCATION,CONTACT_NAME) values (50007,'Porsche','Stuttgart','Malu Dreier');
Insert into CLIENT (CLIENT_ID,CLIENT_NAME,LOCATION,CONTACT_NAME) values (50008,'Audi','Ingolstadt','Michael Schumacher');
Insert into CLIENT (CLIENT_ID,CLIENT_NAME,LOCATION,CONTACT_NAME) values (50009,'Mercedes','Stuttgart','Dirk Nowitzki');
REM INSERTING into EMPLOYEE
SET DEFINE OFF;
Insert into EMPLOYEE (EMPLOYEE_ID,TEAM_ID,NAME,ADDRESS,PHONE_NUMBER,GENDER,MANAGER_ID) values (20090,10114,'Caramella Chubb-Baggins','Leipziger Strasse 67 - 33739 Bielefeld Schröttinghausen','0521 19 36 24','F',20094);
Insert into EMPLOYEE (EMPLOYEE_ID,TEAM_ID,NAME,ADDRESS,PHONE_NUMBER,GENDER,MANAGER_ID) values (20091,10115,'Kevin Schultz','Meininger Strasse 5 - 66567 Eppelborn','06827 82 58 95','M',20094);
Insert into EMPLOYEE (EMPLOYEE_ID,TEAM_ID,NAME,ADDRESS,PHONE_NUMBER,GENDER,MANAGER_ID) values (20092,10116,'Rhoda Gamgee','Ollenhauer Str. 25 - 70327 Stuttgart Luginsland','0711 55 47 32','F',20094);
Insert into EMPLOYEE (EMPLOYEE_ID,TEAM_ID,NAME,ADDRESS,PHONE_NUMBER,GENDER,MANAGER_ID) values (20093,10114,'Christin Lehmann','Heinrich Heine Platz 50 - 99729 Nordhausen','03631 46 70 80','F',20094);
Insert into EMPLOYEE (EMPLOYEE_ID,TEAM_ID,NAME,ADDRESS,PHONE_NUMBER,GENDER,MANAGER_ID) values (20094,10115,'Stefan Reiniger','Potsdamer Platz 90 - 87485 Wiggensbach','08370 33 45 60','M',20094);
Insert into EMPLOYEE (EMPLOYEE_ID,TEAM_ID,NAME,ADDRESS,PHONE_NUMBER,GENDER,MANAGER_ID) values (20095,10114,'Eglantine Zaragamba','Kurfürstendamm 41 - 18092 Elmenhorst','0381 49 61 85','F',20094);
Insert into EMPLOYEE (EMPLOYEE_ID,TEAM_ID,NAME,ADDRESS,PHONE_NUMBER,GENDER,MANAGER_ID) values (20096,10115,'Florian Schuster','Lietzenburger Strasse 76 - 53721 Siegburg','02241 91 48 88','M',20094);
Insert into EMPLOYEE (EMPLOYEE_ID,TEAM_ID,NAME,ADDRESS,PHONE_NUMBER,GENDER,MANAGER_ID) values (20097,10116,'Frodo Smallburrow','Gubener Str. 48 - 83533 Edling','08039 35 82 26','M',20094);
Insert into EMPLOYEE (EMPLOYEE_ID,TEAM_ID,NAME,ADDRESS,PHONE_NUMBER,GENDER,MANAGER_ID) values (20098,10114,'Cottar Oldbuck','Brandenburgische Strasse 61 - 76889 Pleisweiler-Oberhofen','06343 24 51 11','M',20094);
Insert into EMPLOYEE (EMPLOYEE_ID,TEAM_ID,NAME,ADDRESS,PHONE_NUMBER,GENDER,MANAGER_ID) values (20099,10114,'Belinda Lothran','Eichendorffstr. 3 - 88074 Meckenbeuren','07542 53 05 58','F',20094);
Insert into EMPLOYEE (EMPLOYEE_ID,TEAM_ID,NAME,ADDRESS,PHONE_NUMBER,GENDER,MANAGER_ID) values (20100,10117,'Habaccuc Goldworthy','Rudolstaedter Strasse 90 - 26897 Breddenberg','05954 32 24 43','M',20094);
Insert into EMPLOYEE (EMPLOYEE_ID,TEAM_ID,NAME,ADDRESS,PHONE_NUMBER,GENDER,MANAGER_ID) values (20101,10114,'Matthias Strauss','Chausseestr. 47 - 17187 Waren','03991 42 52 44','M',20127);
Insert into EMPLOYEE (EMPLOYEE_ID,TEAM_ID,NAME,ADDRESS,PHONE_NUMBER,GENDER,MANAGER_ID) values (20102,10115,'Mathias Schwab','Heiligengeistbrücke 92 - 91575 Windsbach','09871 52 55 89','M',20127);
Insert into EMPLOYEE (EMPLOYEE_ID,TEAM_ID,NAME,ADDRESS,PHONE_NUMBER,GENDER,MANAGER_ID) values (20103,10116,'Adelbert Sackville','Storkower Strasse 72 - 56235 Ransbach-Baumbach','02623 98 24 12','M',20127);
Insert into EMPLOYEE (EMPLOYEE_ID,TEAM_ID,NAME,ADDRESS,PHONE_NUMBER,GENDER,MANAGER_ID) values (20104,10114,'Tomacca Gammidge','Kirchenallee 43 - 94559 Niederwinkling','09906 53 19 01','M',20127);
Insert into EMPLOYEE (EMPLOYEE_ID,TEAM_ID,NAME,ADDRESS,PHONE_NUMBER,GENDER,MANAGER_ID) values (20105,10115,'Pandora Lothran','Rosenstrasse 95 - 81635 München','089 31 52 64','F',20127);
Insert into EMPLOYEE (EMPLOYEE_ID,TEAM_ID,NAME,ADDRESS,PHONE_NUMBER,GENDER,MANAGER_ID) values (20106,10114,'Laura Mugwort','Grolmanstraße 93 - 28277 Bremen Kattenesch','0421 27 29 75','F',20127);
Insert into EMPLOYEE (EMPLOYEE_ID,TEAM_ID,NAME,ADDRESS,PHONE_NUMBER,GENDER,MANAGER_ID) values (20107,10115,'Meneaduc Grubb','Rathausstrasse 47 - 90121 Nürnberg','0911 55 46 63','M',20127);
Insert into EMPLOYEE (EMPLOYEE_ID,TEAM_ID,NAME,ADDRESS,PHONE_NUMBER,GENDER,MANAGER_ID) values (20108,10116,'Arabella Brown','Sömmeringstr. 67 - 97249 Eisingen','07232 76 42 40','F',20127);
Insert into EMPLOYEE (EMPLOYEE_ID,TEAM_ID,NAME,ADDRESS,PHONE_NUMBER,GENDER,MANAGER_ID) values (20109,10114,'Mantissa Underhill','Kantstrasse 33 - 95420 Bayreuth','0921 21 08 98','F',20127);
Insert into EMPLOYEE (EMPLOYEE_ID,TEAM_ID,NAME,ADDRESS,PHONE_NUMBER,GENDER,MANAGER_ID) values (20110,10114,'Paul Keller','Alt Reinickendorf 50 - 87488 Betzigau','08304 93 71 55','M',20127);
Insert into EMPLOYEE (EMPLOYEE_ID,TEAM_ID,NAME,ADDRESS,PHONE_NUMBER,GENDER,MANAGER_ID) values (20111,10115,'Pamphila Took','Pohlstrasse 51 - 38275 Haverlah','05341 83 49 43','F',20127);
Insert into EMPLOYEE (EMPLOYEE_ID,TEAM_ID,NAME,ADDRESS,PHONE_NUMBER,GENDER,MANAGER_ID) values (20112,10114,'Isembold Clayhanger','Am Borsigturm 90 - 41540 Dormagen Delhoven','02133 78 17 65','M',20127);
Insert into EMPLOYEE (EMPLOYEE_ID,TEAM_ID,NAME,ADDRESS,PHONE_NUMBER,GENDER,MANAGER_ID) values (20113,10117,'Christine Reinhard','Genslerstraße 63 - 12105 Berlin Tempelhof','030 66 57 37','F',20127);
Insert into EMPLOYEE (EMPLOYEE_ID,TEAM_ID,NAME,ADDRESS,PHONE_NUMBER,GENDER,MANAGER_ID) values (20114,10114,'Lamorac Sandyman','Budapester Straße 18 - 54441 Wawern','06501 37 92 21','M',20127);
Insert into EMPLOYEE (EMPLOYEE_ID,TEAM_ID,NAME,ADDRESS,PHONE_NUMBER,GENDER,MANAGER_ID) values (20115,10115,'Brutus Lothran','Luebeckertordamm 52 - 91729 Haundorf','09175 59 29 96','M',20127);
Insert into EMPLOYEE (EMPLOYEE_ID,TEAM_ID,NAME,ADDRESS,PHONE_NUMBER,GENDER,MANAGER_ID) values (20116,10116,'Phillipp Bayer','Luebecker Strasse 50 - 97472 Zeil','09521 74 79 06','M',20127);
Insert into EMPLOYEE (EMPLOYEE_ID,TEAM_ID,NAME,ADDRESS,PHONE_NUMBER,GENDER,MANAGER_ID) values (20117,10114,'Marcho Underhill','Stuttgarter Platz 58 - 56412 Heiligenroth','02602 32 79 18','M',20127);
Insert into EMPLOYEE (EMPLOYEE_ID,TEAM_ID,NAME,ADDRESS,PHONE_NUMBER,GENDER,MANAGER_ID) values (20118,10115,'Daniel Schneider','Marseiller Strasse 97 - 86987 Schwabsoien','08868 38 38 92','M',20127);
Insert into EMPLOYEE (EMPLOYEE_ID,TEAM_ID,NAME,ADDRESS,PHONE_NUMBER,GENDER,MANAGER_ID) values (20119,10114,'Malva Grubb','Motzstr. 96 - 55288 Partenheim','06732 22 59 06','F',20127);
Insert into EMPLOYEE (EMPLOYEE_ID,TEAM_ID,NAME,ADDRESS,PHONE_NUMBER,GENDER,MANAGER_ID) values (20120,10115,'Matthias Müller','Hochstrasse 91 - 25941 Wittdün','04682 59 10 53','M',20127);
Insert into EMPLOYEE (EMPLOYEE_ID,TEAM_ID,NAME,ADDRESS,PHONE_NUMBER,GENDER,MANAGER_ID) values (20121,10116,'Brigitte Gerste','Grosse Praesidenten Str. 55 - 69434 Heddesbach','06272 55 24 90','F',20127);
Insert into EMPLOYEE (EMPLOYEE_ID,TEAM_ID,NAME,ADDRESS,PHONE_NUMBER,GENDER,MANAGER_ID) values (20122,10114,'Doreen Peters','Schmarjestrasse 57 - 17098 Friedland','033676 60 44','F',20127);
Insert into EMPLOYEE (EMPLOYEE_ID,TEAM_ID,NAME,ADDRESS,PHONE_NUMBER,GENDER,MANAGER_ID) values (20123,10114,'Tanta Took-Brandybuck','Gruenauer Strasse 30 - 21709 Himmelpforten','04144 68 02 35','F',20127);
Insert into EMPLOYEE (EMPLOYEE_ID,TEAM_ID,NAME,ADDRESS,PHONE_NUMBER,GENDER,MANAGER_ID) values (20124,10115,'David Schultz','Charlottenstrasse 78 - 99003 Erfurt','0361 21 65 50','M',20127);
Insert into EMPLOYEE (EMPLOYEE_ID,TEAM_ID,NAME,ADDRESS,PHONE_NUMBER,GENDER,MANAGER_ID) values (20125,10114,'Jasmine Puddifoot','Luebecker Strasse 85 - 96178 Pommersfelden','09502 57 04 95','F',20161);
Insert into EMPLOYEE (EMPLOYEE_ID,TEAM_ID,NAME,ADDRESS,PHONE_NUMBER,GENDER,MANAGER_ID) values (20126,10117,'Rose Bunce','Knesebeckstraße 35 - 52538 Gangelt','02454 55 63 34','F',20161);
Insert into EMPLOYEE (EMPLOYEE_ID,TEAM_ID,NAME,ADDRESS,PHONE_NUMBER,GENDER,MANAGER_ID) values (20127,10114,'Rhoda Oldbuck','Sömmeringstr. 49 - 89287 Bellenberg','07306 92 31 38','F',20161);
Insert into EMPLOYEE (EMPLOYEE_ID,TEAM_ID,NAME,ADDRESS,PHONE_NUMBER,GENDER,MANAGER_ID) values (20128,10115,'Lotho Goldworthy','Bleibtreustraße 79 - 79733 Görwihl','07754 88 41 61','M',20161);
Insert into EMPLOYEE (EMPLOYEE_ID,TEAM_ID,NAME,ADDRESS,PHONE_NUMBER,GENDER,MANAGER_ID) values (20129,10116,'Selina Bolger-Baggins','Nuernbergerstrasse 97 - 23860 Groß Schenkenberg','04508 42 06 36','F',20161);
Insert into EMPLOYEE (EMPLOYEE_ID,TEAM_ID,NAME,ADDRESS,PHONE_NUMBER,GENDER,MANAGER_ID) values (20130,10114,'Marie Holtzmann','Hardenbergstraße 61 - 66484 Schmitshausen','06375 94 66 43','F',20161);
Insert into EMPLOYEE (EMPLOYEE_ID,TEAM_ID,NAME,ADDRESS,PHONE_NUMBER,GENDER,MANAGER_ID) values (20131,10115,'David Freeh','Gruenauer Strasse 15 - 21726 Oldendorf','04144 81 72 86','M',20161);
Insert into EMPLOYEE (EMPLOYEE_ID,TEAM_ID,NAME,ADDRESS,PHONE_NUMBER,GENDER,MANAGER_ID) values (20132,10114,'Alexander Papst','Koepenicker Str. 94 - 56357 Oelsberg','06772 22 59 13','M',20161);
Insert into EMPLOYEE (EMPLOYEE_ID,TEAM_ID,NAME,ADDRESS,PHONE_NUMBER,GENDER,MANAGER_ID) values (20133,10115,'May Puddifoot','Marseiller Strasse 47 - 86952 Schongau','08861 48 52 41','F',20161);
Insert into EMPLOYEE (EMPLOYEE_ID,TEAM_ID,NAME,ADDRESS,PHONE_NUMBER,GENDER,MANAGER_ID) values (20134,10116,'Roderic Smallburrow','Amsinckstrasse 60 - 1825 Berthelsdorf','035873 62 93','M',20161);
Insert into EMPLOYEE (EMPLOYEE_ID,TEAM_ID,NAME,ADDRESS,PHONE_NUMBER,GENDER,MANAGER_ID) values (20135,10114,'Stefan Schroder','Lietzenburger Strasse 30 - 42499 Hückeswagen','02192 61 99 47','M',20161);
Insert into EMPLOYEE (EMPLOYEE_ID,TEAM_ID,NAME,ADDRESS,PHONE_NUMBER,GENDER,MANAGER_ID) values (20136,10117,'Bruno Sackville','Eichendorffstr. 72 - 78580 Bärenthal','07466 14 01 96','M',20161);
Insert into EMPLOYEE (EMPLOYEE_ID,TEAM_ID,NAME,ADDRESS,PHONE_NUMBER,GENDER,MANAGER_ID) values (20137,10114,'Frank Rothstein','Storkower Strasse 19 - 56244 Vielbach','02626 97 79 55','M',20161);
Insert into EMPLOYEE (EMPLOYEE_ID,TEAM_ID,NAME,ADDRESS,PHONE_NUMBER,GENDER,MANAGER_ID) values (20138,10115,'Odovacar Oldbuck','Eichendorffstr. 83 - 72285 Pfalzgrafenweiler','07445 58 80 92','M',20161);
Insert into EMPLOYEE (EMPLOYEE_ID,TEAM_ID,NAME,ADDRESS,PHONE_NUMBER,GENDER,MANAGER_ID) values (20139,10116,'Pearl Brownlock','Schönhauser Allee 23 - 78132 Hornberg','07722 30 54 32','F',20161);
Insert into EMPLOYEE (EMPLOYEE_ID,TEAM_ID,NAME,ADDRESS,PHONE_NUMBER,GENDER,MANAGER_ID) values (20140,10114,'Tom Ebersbacher','Kantstrasse 97 - 90271 Nürnberg','0911 59 89 61','M',20161);
Insert into EMPLOYEE (EMPLOYEE_ID,TEAM_ID,NAME,ADDRESS,PHONE_NUMBER,GENDER,MANAGER_ID) values (20141,10115,'Adelbert Fairbairn','Bleibtreustraße 7 - 79790 Küssaberg','07741 64 18 60','M',20170);
Insert into EMPLOYEE (EMPLOYEE_ID,TEAM_ID,NAME,ADDRESS,PHONE_NUMBER,GENDER,MANAGER_ID) values (20142,10114,'Christine Nussbaum','Lietzenburger Strasse 92 - 53572 Bruchhausen','02224 97 28 95','F',20170);
Insert into EMPLOYEE (EMPLOYEE_ID,TEAM_ID,NAME,ADDRESS,PHONE_NUMBER,GENDER,MANAGER_ID) values (20143,10115,'Uffo Hayward','Friedrichstrasse 97 - 45886 Gelsenkirchen','0209 80 95 77','M',20170);
Insert into EMPLOYEE (EMPLOYEE_ID,TEAM_ID,NAME,ADDRESS,PHONE_NUMBER,GENDER,MANAGER_ID) values (20144,10116,'Yolanda Gammidge','Unter den Linden 86 - 17009 Neubrandenburg','0395 76 69 16','F',20170);
Insert into EMPLOYEE (EMPLOYEE_ID,TEAM_ID,NAME,ADDRESS,PHONE_NUMBER,GENDER,MANAGER_ID) values (20145,10114,'Rudolph Bunce','Karl-Liebknecht-Strasse 42 - 24576 Bad Bramstedt','04192 86 55 12','M',20170);
Insert into EMPLOYEE (EMPLOYEE_ID,TEAM_ID,NAME,ADDRESS,PHONE_NUMBER,GENDER,MANAGER_ID) values (20146,10114,'Monika Bieber','Güntzelstrasse 86 - 54426 Malborn','06503 14 75 45','F',20170);
Insert into EMPLOYEE (EMPLOYEE_ID,TEAM_ID,NAME,ADDRESS,PHONE_NUMBER,GENDER,MANAGER_ID) values (20147,10115,'Cara Sandyman','Rudower Chaussee 98 - 97673 Bad Kissingen','0971 79 78 26','F',20170);
Insert into EMPLOYEE (EMPLOYEE_ID,TEAM_ID,NAME,ADDRESS,PHONE_NUMBER,GENDER,MANAGER_ID) values (20148,10114,'Uta Mueller','Flughafenstrasse 40 - 95695 Mähring','09631 83 01 45','F',20170);
Insert into EMPLOYEE (EMPLOYEE_ID,TEAM_ID,NAME,ADDRESS,PHONE_NUMBER,GENDER,MANAGER_ID) values (20149,10115,'Dieter Kortig','Grosse Praesidenten Str. 85 - 74842 Billigheim','06265 47 14 63','M',20170);
Insert into EMPLOYEE (EMPLOYEE_ID,TEAM_ID,NAME,ADDRESS,PHONE_NUMBER,GENDER,MANAGER_ID) values (20150,10117,'Posco Underhill','Augsburger Strasse 73 - 57567 Daaden','02743 18 19 64','M',20170);
Insert into EMPLOYEE (EMPLOYEE_ID,TEAM_ID,NAME,ADDRESS,PHONE_NUMBER,GENDER,MANAGER_ID) values (20151,10114,'Mat Hogpen','Flughafenstrasse 23 - 92686 Pressath','09644 75 65 30','M',20170);
Insert into EMPLOYEE (EMPLOYEE_ID,TEAM_ID,NAME,ADDRESS,PHONE_NUMBER,GENDER,MANAGER_ID) values (20152,10115,'Paul Ackerman','Prenzlauer Allee 34 - 4328 Leipzig','0341 15 07 04','M',20170);
Insert into EMPLOYEE (EMPLOYEE_ID,TEAM_ID,NAME,ADDRESS,PHONE_NUMBER,GENDER,MANAGER_ID) values (20153,10116,'Maria Weisz','Esplanade 19 - 85619 Feldkirchen','09420 33 17 97','F',20170);
Insert into EMPLOYEE (EMPLOYEE_ID,TEAM_ID,NAME,ADDRESS,PHONE_NUMBER,GENDER,MANAGER_ID) values (20154,10114,'Cara Brandybuck','Fugger Strasse 64 - 14414 Potsdam','0331 21 82 50','F',20170);
Insert into EMPLOYEE (EMPLOYEE_ID,TEAM_ID,NAME,ADDRESS,PHONE_NUMBER,GENDER,MANAGER_ID) values (20155,10115,'Laura Took','Inge Beisheim Platz 10 - 21522 Hittbergen','04139 98 02 90','F',20170);
Insert into EMPLOYEE (EMPLOYEE_ID,TEAM_ID,NAME,ADDRESS,PHONE_NUMBER,GENDER,MANAGER_ID) values (20156,10114,'Pimpernel Chubb-Baggins','Wallstrasse 21 - 86833 Ettringen','02651 48 22 18','F',20170);
Insert into EMPLOYEE (EMPLOYEE_ID,TEAM_ID,NAME,ADDRESS,PHONE_NUMBER,GENDER,MANAGER_ID) values (20157,10115,'Dina Took-Took','Esplanade 16 - 94348 Atting','09421 21 14 54','F',20170);
Insert into EMPLOYEE (EMPLOYEE_ID,TEAM_ID,NAME,ADDRESS,PHONE_NUMBER,GENDER,MANAGER_ID) values (20158,10116,'Laura Schuhmacher','Paul-Nevermann-Platz 32 - 97525 Schwebheim','09723 88 42 15','F',20170);
Insert into EMPLOYEE (EMPLOYEE_ID,TEAM_ID,NAME,ADDRESS,PHONE_NUMBER,GENDER,MANAGER_ID) values (20159,10114,'Elfstan Oldbuck','Oldesloer Strasse 85 - 7937 Büna','036628 49 02','M',20170);
Insert into EMPLOYEE (EMPLOYEE_ID,TEAM_ID,NAME,ADDRESS,PHONE_NUMBER,GENDER,MANAGER_ID) values (20160,10114,'Marigold Hornblower','Güntzelstrasse 70 - 54675 Obergeckler','06522 50 48 75','F',20170);
Insert into EMPLOYEE (EMPLOYEE_ID,TEAM_ID,NAME,ADDRESS,PHONE_NUMBER,GENDER,MANAGER_ID) values (20161,10115,'Otho Goodchild','Karl-Liebknecht-Strasse 41 - 27374 Visselhövede','04262 63 32 16','M',20191);
Insert into EMPLOYEE (EMPLOYEE_ID,TEAM_ID,NAME,ADDRESS,PHONE_NUMBER,GENDER,MANAGER_ID) values (20162,10117,'Diamanda Bolger','Alt Reinickendorf 70 - 87539 Hindelang','08324 16 48 21','F',20191);
Insert into EMPLOYEE (EMPLOYEE_ID,TEAM_ID,NAME,ADDRESS,PHONE_NUMBER,GENDER,MANAGER_ID) values (20163,10114,'Torsten Jaeger','Ufnau Strasse 59 - 87621 Füssen','08362 68 85 21','M',20191);
Insert into EMPLOYEE (EMPLOYEE_ID,TEAM_ID,NAME,ADDRESS,PHONE_NUMBER,GENDER,MANAGER_ID) values (20164,10115,'Ralph Bohm','Fontenay 85 - 95336 Mainleus','09229 92 98 58','M',20191);
Insert into EMPLOYEE (EMPLOYEE_ID,TEAM_ID,NAME,ADDRESS,PHONE_NUMBER,GENDER,MANAGER_ID) values (20165,10116,'Michael Werfel','Grolmanstraße 99 - 28279 Bremen Kattenturm','0421 13 13 69','M',20191);
Insert into EMPLOYEE (EMPLOYEE_ID,TEAM_ID,NAME,ADDRESS,PHONE_NUMBER,GENDER,MANAGER_ID) values (20166,10114,'Miranda Brandybuck','Borstelmannsweg 53 - 92661 Altenstadt','09602 79 54 98','F',20191);
Insert into EMPLOYEE (EMPLOYEE_ID,TEAM_ID,NAME,ADDRESS,PHONE_NUMBER,GENDER,MANAGER_ID) values (20167,10115,'Gabriele Muench','Invalidenstrasse 66 - 66484 Dietrichingen','06338 16 15 73','F',20191);
Insert into EMPLOYEE (EMPLOYEE_ID,TEAM_ID,NAME,ADDRESS,PHONE_NUMBER,GENDER,MANAGER_ID) values (20168,10114,'Christian Eiffel','Neuer Jungfernstieg 11 - 84155 Bodenkirchen','08745 49 22 47','M',20191);
Insert into EMPLOYEE (EMPLOYEE_ID,TEAM_ID,NAME,ADDRESS,PHONE_NUMBER,GENDER,MANAGER_ID) values (20169,10115,'Mattalic Brandybuck','Hochstrasse 14 - 24957 Glücksburg','04631 13 35 71','M',20191);
Insert into EMPLOYEE (EMPLOYEE_ID,TEAM_ID,NAME,ADDRESS,PHONE_NUMBER,GENDER,MANAGER_ID) values (20170,10116,'Torsten Frey','Bayreuther Strasse 14 - 72766 Reutlingen Reicheneck','071 61 70 61','M',20191);
Insert into EMPLOYEE (EMPLOYEE_ID,TEAM_ID,NAME,ADDRESS,PHONE_NUMBER,GENDER,MANAGER_ID) values (20171,10114,'Jennifer Faber','Guentzelstrasse 66 - 36154 Hosenfeld','06650 24 23 38','F',20191);
Insert into EMPLOYEE (EMPLOYEE_ID,TEAM_ID,NAME,ADDRESS,PHONE_NUMBER,GENDER,MANAGER_ID) values (20172,10114,'Mentha Gardner','Leipziger Strasse 20 - 37120 Bovenden','0551 21 10 93','F',20191);
Insert into EMPLOYEE (EMPLOYEE_ID,TEAM_ID,NAME,ADDRESS,PHONE_NUMBER,GENDER,MANAGER_ID) values (20173,10117,'Melilot Brockhouse','Kantstrasse 4 - 90480 Nürnberg','0911 17 87 00','F',20191);
Insert into EMPLOYEE (EMPLOYEE_ID,TEAM_ID,NAME,ADDRESS,PHONE_NUMBER,GENDER,MANAGER_ID) values (20174,10114,'Dennis Koertig','Brandenburgische Str 47 - 56291 Wiebelsheim','06746 44 64 38','M',20191);
Insert into EMPLOYEE (EMPLOYEE_ID,TEAM_ID,NAME,ADDRESS,PHONE_NUMBER,GENDER,MANAGER_ID) values (20175,10115,'Phillipp Mahler','Rathausstrasse 18 - 90209 Nürnberg','0911 46 05 03','M',20191);
Insert into EMPLOYEE (EMPLOYEE_ID,TEAM_ID,NAME,ADDRESS,PHONE_NUMBER,GENDER,MANAGER_ID) values (20176,10116,'Matthias Kaufmann','An Der Urania 92 - 25535 Brunsbüttel','04852 19 65 71','M',20191);
Insert into EMPLOYEE (EMPLOYEE_ID,TEAM_ID,NAME,ADDRESS,PHONE_NUMBER,GENDER,MANAGER_ID) values (20177,10114,'Niklas Konig','Bissingzeile 14 - 27632 Mulsum','04742 25 55 56','M',20191);
Insert into EMPLOYEE (EMPLOYEE_ID,TEAM_ID,NAME,ADDRESS,PHONE_NUMBER,GENDER,MANAGER_ID) values (20178,10115,'Franziska Eisenhower','Jahnstrasse 35 - 83567 Unterreit','08073 37 15 70','F',20191);
Insert into EMPLOYEE (EMPLOYEE_ID,TEAM_ID,NAME,ADDRESS,PHONE_NUMBER,GENDER,MANAGER_ID) values (20179,10114,'Ursula Gottlieb','Brandenburgische Str 8 - 55432 Niederburg','06744 74 88 90','F',20191);
Insert into EMPLOYEE (EMPLOYEE_ID,TEAM_ID,NAME,ADDRESS,PHONE_NUMBER,GENDER,MANAGER_ID) values (20180,10115,'Ralph Freitag','Koepenicker Str. 13 - 55776 Reichenbach','06783 12 28 43','M',20199);
Insert into EMPLOYEE (EMPLOYEE_ID,TEAM_ID,NAME,ADDRESS,PHONE_NUMBER,GENDER,MANAGER_ID) values (20181,10116,'Klaudia Gottlieb','Kantstraße 82 - 94530 Auerbach','03721 12 07 68','F',20199);
Insert into EMPLOYEE (EMPLOYEE_ID,TEAM_ID,NAME,ADDRESS,PHONE_NUMBER,GENDER,MANAGER_ID) values (20182,10114,'Sarah Ostermann','Joachimstaler Str. 23 - 55494 Benzweiler','06764 93 49 00','F',20199);
Insert into EMPLOYEE (EMPLOYEE_ID,TEAM_ID,NAME,ADDRESS,PHONE_NUMBER,GENDER,MANAGER_ID) values (20183,10114,'Rose Gammidge','Esplanade 26 - 93080 Pentling','09405 48 52 60','F',20199);
Insert into EMPLOYEE (EMPLOYEE_ID,TEAM_ID,NAME,ADDRESS,PHONE_NUMBER,GENDER,MANAGER_ID) values (20184,10117,'Mike Engel','Anhalter Strasse 80 - 67806 Dörrmoschel','06361 37 90 60','M',20199);
Insert into EMPLOYEE (EMPLOYEE_ID,TEAM_ID,NAME,ADDRESS,PHONE_NUMBER,GENDER,MANAGER_ID) values (20185,10114,'Isengrin Lothran','Heiligengeistbrücke 17 - 91536 Rothenburg','09861 48 55 34','M',20199);
Insert into EMPLOYEE (EMPLOYEE_ID,TEAM_ID,NAME,ADDRESS,PHONE_NUMBER,GENDER,MANAGER_ID) values (20186,10115,'Rufus Sackville-Baggins','Ziegelstr. 8 - 94163 Saldenburg','08504 27 17 96','M',20199);
Insert into EMPLOYEE (EMPLOYEE_ID,TEAM_ID,NAME,ADDRESS,PHONE_NUMBER,GENDER,MANAGER_ID) values (20187,10116,'Sven Schneider','Waßmannsdorfer Chaussee 40 - 22111 Hamburg Billbrook','040 87 86 51','M',20199);
Insert into EMPLOYEE (EMPLOYEE_ID,TEAM_ID,NAME,ADDRESS,PHONE_NUMBER,GENDER,MANAGER_ID) values (20188,10114,'Antje Maurer','Los-Angeles-Platz 87 - 22459 Hamburg Schnelsen','040 43 59 83','F',20199);
Insert into EMPLOYEE (EMPLOYEE_ID,TEAM_ID,NAME,ADDRESS,PHONE_NUMBER,GENDER,MANAGER_ID) values (20189,10115,'Andreas Schmid','Waßmannsdorfer Chaussee 78 - 10825 Berlin Wilmersdorf','030 70 89 92','M',20199);
Insert into EMPLOYEE (EMPLOYEE_ID,TEAM_ID,NAME,ADDRESS,PHONE_NUMBER,GENDER,MANAGER_ID) values (20190,10114,'Amethyst Boffin','Augsburger Strasse 6 - 53520 Rodder','02693 89 66 29','F',20199);
Insert into EMPLOYEE (EMPLOYEE_ID,TEAM_ID,NAME,ADDRESS,PHONE_NUMBER,GENDER,MANAGER_ID) values (20191,10115,'Griffo Puddifoot','Bissingzeile 93 - 25794 Dörpling','04803 21 37 63','M',20199);
Insert into EMPLOYEE (EMPLOYEE_ID,TEAM_ID,NAME,ADDRESS,PHONE_NUMBER,GENDER,MANAGER_ID) values (20192,10116,'Heike Grunewald','Rudolstaedter Strasse 5 - 63802 Haibach','06021 55 21 71','F',20199);
Insert into EMPLOYEE (EMPLOYEE_ID,TEAM_ID,NAME,ADDRESS,PHONE_NUMBER,GENDER,MANAGER_ID) values (20193,10114,'Priamus Tunnelly','Konstanzer Strasse 51 - 63842 Niedernberg','06028 86 34 22','M',20199);
Insert into EMPLOYEE (EMPLOYEE_ID,TEAM_ID,NAME,ADDRESS,PHONE_NUMBER,GENDER,MANAGER_ID) values (20194,10114,'Bellisima Smallburrow','Ruschestrasse 49 - 38866 Ilsenburg','03943 98 24 80','F',20199);
Insert into EMPLOYEE (EMPLOYEE_ID,TEAM_ID,NAME,ADDRESS,PHONE_NUMBER,GENDER,MANAGER_ID) values (20195,10115,'Tim Dresner','Rosenstrasse 59 - 81664 München','089 58 88 84','M',20199);
Insert into EMPLOYEE (EMPLOYEE_ID,TEAM_ID,NAME,ADDRESS,PHONE_NUMBER,GENDER,MANAGER_ID) values (20196,10114,'Griffo Tûk','Paul-Nevermann-Platz 67 - 97709 Maßbach','09733 72 48 62','M',20199);
Insert into EMPLOYEE (EMPLOYEE_ID,TEAM_ID,NAME,ADDRESS,PHONE_NUMBER,GENDER,MANAGER_ID) values (20197,10115,'Doreen Zweig','Neue Roßstr. 89 - 66119 Saarbrücken Alt-Saarbrücken','0681 88 82 04','F',20199);
Insert into EMPLOYEE (EMPLOYEE_ID,TEAM_ID,NAME,ADDRESS,PHONE_NUMBER,GENDER,MANAGER_ID) values (20198,10116,'Nicol Bunce','Bissingzeile 38 - 21776 Wanna','04724 97 12 11','M',20199);
Insert into EMPLOYEE (EMPLOYEE_ID,TEAM_ID,NAME,ADDRESS,PHONE_NUMBER,GENDER,MANAGER_ID) values (20199,10114,'Torsten Nussbaum','Rosenstrasse 85 - 81617 München','089 52 99 14','M',20199);
Insert into EMPLOYEE (EMPLOYEE_ID,TEAM_ID,NAME,ADDRESS,PHONE_NUMBER,GENDER,MANAGER_ID) values (20022,10114,'Dirk Kuster','Genterstrasse 45 - 24033 Kiel','0431 83 31 75','M',20024);
Insert into EMPLOYEE (EMPLOYEE_ID,TEAM_ID,NAME,ADDRESS,PHONE_NUMBER,GENDER,MANAGER_ID) values (20023,10115,'Folco Roper','Rhinstrasse 71 - 80809 München','089 61 97 27','M',20024);
Insert into EMPLOYEE (EMPLOYEE_ID,TEAM_ID,NAME,ADDRESS,PHONE_NUMBER,GENDER,MANAGER_ID) values (20039,10115,'Prisca Bracegirdle','Hollander Strasse 83 - 35435 Wettenberg','06406 28 38 49','F',20048);
Insert into EMPLOYEE (EMPLOYEE_ID,TEAM_ID,NAME,ADDRESS,PHONE_NUMBER,GENDER,MANAGER_ID) values (20040,10114,'Estella Gardner','Neuer Jungfernstieg 87 - 84009 Landshut','08707 20 89 91','F',20048);
Insert into EMPLOYEE (EMPLOYEE_ID,TEAM_ID,NAME,ADDRESS,PHONE_NUMBER,GENDER,MANAGER_ID) values (20041,10115,'Laura Cole','Pasewalker Straße 16 - 75175 Pforzheim Brötzingen','07231 70 41 68','F',20048);
Insert into EMPLOYEE (EMPLOYEE_ID,TEAM_ID,NAME,ADDRESS,PHONE_NUMBER,GENDER,MANAGER_ID) values (20042,10116,'Ruby Gardner','Rankestraße 8 - 92346 Berg','08433 33 38 00','F',20048);
Insert into EMPLOYEE (EMPLOYEE_ID,TEAM_ID,NAME,ADDRESS,PHONE_NUMBER,GENDER,MANAGER_ID) values (20043,10114,'Marmaduc Mugwort','Guentzelstrasse 42 - 36329 Romrod','06636 81 41 45','M',20048);
Insert into EMPLOYEE (EMPLOYEE_ID,TEAM_ID,NAME,ADDRESS,PHONE_NUMBER,GENDER,MANAGER_ID) values (20044,10117,'Benjamin Frueh','Flughafenstrasse 78 - 95661 Mitterteich','09633 86 27 57','M',20048);
Insert into EMPLOYEE (EMPLOYEE_ID,TEAM_ID,NAME,ADDRESS,PHONE_NUMBER,GENDER,MANAGER_ID) values (20045,10114,'Eglantine Goodbody','Sonnenallee 66 - 79112 Freiburg Tiengen','0761 49 04 97','F',20048);
Insert into EMPLOYEE (EMPLOYEE_ID,TEAM_ID,NAME,ADDRESS,PHONE_NUMBER,GENDER,MANAGER_ID) values (20046,10115,'Antje Scholz','Jenaer Strasse 61 - 45219 Essen','0201 60 25 97','F',20048);
Insert into EMPLOYEE (EMPLOYEE_ID,TEAM_ID,NAME,ADDRESS,PHONE_NUMBER,GENDER,MANAGER_ID) values (20047,10116,'Conrad Brandagamba','Ruschestrasse 41 - 18273 Gleviner Burg','03843 52 77 82','M',20048);
Insert into EMPLOYEE (EMPLOYEE_ID,TEAM_ID,NAME,ADDRESS,PHONE_NUMBER,GENDER,MANAGER_ID) values (20019,10116,'Hamfast Whitfoot','Neue Roßstr. 65 - 73732 Esslingen Wilflingshausen','0711 88 89 08','M',20019);
Insert into EMPLOYEE (EMPLOYEE_ID,TEAM_ID,NAME,ADDRESS,PHONE_NUMBER,GENDER,MANAGER_ID) values (20000,10114,'Ralf Busch','Lützowplatz 21 - 96194 Walsdorf','06593 70 74 52','M',20019);
Insert into EMPLOYEE (EMPLOYEE_ID,TEAM_ID,NAME,ADDRESS,PHONE_NUMBER,GENDER,MANAGER_ID) values (20001,10115,'Arnor Banks','Bleibtreustraße 22 - 99963 Mühlhausen','07832 96 78 33','M',20019);
Insert into EMPLOYEE (EMPLOYEE_ID,TEAM_ID,NAME,ADDRESS,PHONE_NUMBER,GENDER,MANAGER_ID) values (20002,10116,'Haiduc Lothran','Brandenburgische Strasse 50 - 76872 Freckenfeld','06340 82 92 43','M',20019);
Insert into EMPLOYEE (EMPLOYEE_ID,TEAM_ID,NAME,ADDRESS,PHONE_NUMBER,GENDER,MANAGER_ID) values (20003,10117,'Asphodel Hayward','Scharnweberstrasse 39 - 68307 Mannheim Kirschgartshausen','06211 42 39 31','F',20019);
Insert into EMPLOYEE (EMPLOYEE_ID,TEAM_ID,NAME,ADDRESS,PHONE_NUMBER,GENDER,MANAGER_ID) values (20004,10114,'Alberic Gawkroger','Schaarsteinweg 51 - 93346 Ihrlerstein','09441 77 40 46','M',20019);
Insert into EMPLOYEE (EMPLOYEE_ID,TEAM_ID,NAME,ADDRESS,PHONE_NUMBER,GENDER,MANAGER_ID) values (20005,10115,'Duenna Bunce','Güntzelstrasse 49 - 54340 Pölich','06507 34 64 01','F',20019);
Insert into EMPLOYEE (EMPLOYEE_ID,TEAM_ID,NAME,ADDRESS,PHONE_NUMBER,GENDER,MANAGER_ID) values (20006,10116,'Steffen Dresdner','Mollstrasse 79 - 55296 Gau-Bischofsheim','06135 56 51 96','M',20019);
Insert into EMPLOYEE (EMPLOYEE_ID,TEAM_ID,NAME,ADDRESS,PHONE_NUMBER,GENDER,MANAGER_ID) values (20007,10114,'Celendine Grubb','Rudolstaedter Strasse 25 - 63829 Krombach','06024 37 70 05','F',20019);
Insert into EMPLOYEE (EMPLOYEE_ID,TEAM_ID,NAME,ADDRESS,PHONE_NUMBER,GENDER,MANAGER_ID) values (20008,10115,'Marko Fischer','Chausseestr. 70 - 25497 Prisdorf','04101 71 10 86','M',20019);
Insert into EMPLOYEE (EMPLOYEE_ID,TEAM_ID,NAME,ADDRESS,PHONE_NUMBER,GENDER,MANAGER_ID) values (20009,10114,'Nob Smallburrow','Park Str. 74 - 42659 Solingen Solingen-Mitte','0212 12 46 93','M',20019);
Insert into EMPLOYEE (EMPLOYEE_ID,TEAM_ID,NAME,ADDRESS,PHONE_NUMBER,GENDER,MANAGER_ID) values (20010,10115,'Caramella Proudfoot','Augsburger Straße 67 - 44575 Castrop-Rauxel','02305 20 37 63','F',20019);
Insert into EMPLOYEE (EMPLOYEE_ID,TEAM_ID,NAME,ADDRESS,PHONE_NUMBER,GENDER,MANAGER_ID) values (20011,10116,'Paul Bieber','Heiligengeistbrücke 48 - 91428 Bad Windsheim','09841 41 22 11','M',20019);
Insert into EMPLOYEE (EMPLOYEE_ID,TEAM_ID,NAME,ADDRESS,PHONE_NUMBER,GENDER,MANAGER_ID) values (20012,10114,'Diana Klein','Anhalter Strasse 63 - 67271 Obersülzen','06359 27 05 99','F',20019);
Insert into EMPLOYEE (EMPLOYEE_ID,TEAM_ID,NAME,ADDRESS,PHONE_NUMBER,GENDER,MANAGER_ID) values (20013,10114,'Petra Hertz','Fasanenstrasse 65 - 22391 Hamburg Sasel','040 84 88 42','F',20019);
Insert into EMPLOYEE (EMPLOYEE_ID,TEAM_ID,NAME,ADDRESS,PHONE_NUMBER,GENDER,MANAGER_ID) values (20014,10115,'Felix Engel','Hollander Strasse 70 - 65558 Kaltenholzhausen','06430 65 25 62','M',20019);
Insert into EMPLOYEE (EMPLOYEE_ID,TEAM_ID,NAME,ADDRESS,PHONE_NUMBER,GENDER,MANAGER_ID) values (20015,10116,'Pamphila Diggle','Ziegelstr. 68 - 94091 Rotthalmünster','08532 56 36 09','F',20019);
Insert into EMPLOYEE (EMPLOYEE_ID,TEAM_ID,NAME,ADDRESS,PHONE_NUMBER,GENDER,MANAGER_ID) values (20016,10117,'Matthias Jaeger','Schoenebergerstrasse 47 - 8401 Werdau','03761 26 81 06','M',20019);
Insert into EMPLOYEE (EMPLOYEE_ID,TEAM_ID,NAME,ADDRESS,PHONE_NUMBER,GENDER,MANAGER_ID) values (20017,10114,'Dennis Hueber','Jahnstrasse 54 - 83067 Stephanskirchen','08075 68 85 36','M',20019);
Insert into EMPLOYEE (EMPLOYEE_ID,TEAM_ID,NAME,ADDRESS,PHONE_NUMBER,GENDER,MANAGER_ID) values (20018,10115,'Caramella Longhole','An der Alster 12 - 73448 Ellenberg','039031 96 94','F',20019);
Insert into EMPLOYEE (EMPLOYEE_ID,TEAM_ID,NAME,ADDRESS,PHONE_NUMBER,GENDER,MANAGER_ID) values (20020,10114,'Bingo Brandagamba','Alter Wall 48 - 97253 Gaukönigshofen','09337 46 74 07','M',20019);
Insert into EMPLOYEE (EMPLOYEE_ID,TEAM_ID,NAME,ADDRESS,PHONE_NUMBER,GENDER,MANAGER_ID) values (20021,10115,'Kalimac Goodchild','Heinrich Heine Platz 43 - 2604 Bautzen','03591 63 53 38','M',20019);
Insert into EMPLOYEE (EMPLOYEE_ID,TEAM_ID,NAME,ADDRESS,PHONE_NUMBER,GENDER,MANAGER_ID) values (20024,10116,'Adaldrida Baggins','Heiligengeistbrücke 43 - 91533 Rothenburg','09861 62 97 08','F',20024);
Insert into EMPLOYEE (EMPLOYEE_ID,TEAM_ID,NAME,ADDRESS,PHONE_NUMBER,GENDER,MANAGER_ID) values (20025,10114,'Ulrike Rothstein','Hardenbergstraße 95 - 76848 Schwanheim','06392 24 52 12','F',20024);
Insert into EMPLOYEE (EMPLOYEE_ID,TEAM_ID,NAME,ADDRESS,PHONE_NUMBER,GENDER,MANAGER_ID) values (20026,10114,'Jonas Bohm','Amsinckstrasse 38 - 3130 Bagenz','035697 56 99','M',20024);
Insert into EMPLOYEE (EMPLOYEE_ID,TEAM_ID,NAME,ADDRESS,PHONE_NUMBER,GENDER,MANAGER_ID) values (20027,10115,'Ursula Glockner','Langenhorner Chaussee 11 - 84049 Essenbach','08703 38 76 72','F',20024);
Insert into EMPLOYEE (EMPLOYEE_ID,TEAM_ID,NAME,ADDRESS,PHONE_NUMBER,GENDER,MANAGER_ID) values (20028,10114,'Rhoda Clayhanger','Invalidenstrasse 21 - 66506 Maßweiler','06334 59 84 32','F',20024);
Insert into EMPLOYEE (EMPLOYEE_ID,TEAM_ID,NAME,ADDRESS,PHONE_NUMBER,GENDER,MANAGER_ID) values (20029,10115,'Lavinia Roper','Luebeckertordamm 41 - 91181 Abenberg','09178 71 56 67','F',20024);
Insert into EMPLOYEE (EMPLOYEE_ID,TEAM_ID,NAME,ADDRESS,PHONE_NUMBER,GENDER,MANAGER_ID) values (20030,10116,'Griffo Proudfoot','Fontenay 1 - 95691 Hohenberg','09233 71 92 12','M',20024);
Insert into EMPLOYEE (EMPLOYEE_ID,TEAM_ID,NAME,ADDRESS,PHONE_NUMBER,GENDER,MANAGER_ID) values (20031,10114,'Tom Moench','Schönhauser Allee 68 - 79353 Bahlingen','07663 98 94 01','M',20024);
Insert into EMPLOYEE (EMPLOYEE_ID,TEAM_ID,NAME,ADDRESS,PHONE_NUMBER,GENDER,MANAGER_ID) values (20032,10115,'Alexander Sommer','Grosse Praesidenten Str. 13 - 74855 Haßmersheim','06261 16 31 40','M',20024);
Insert into EMPLOYEE (EMPLOYEE_ID,TEAM_ID,NAME,ADDRESS,PHONE_NUMBER,GENDER,MANAGER_ID) values (20033,10116,'Ralph Jung','Augsburger Straße 89 - 58513 Lüdenscheid Leifringhausen','02351 82 43 66','M',20024);
Insert into EMPLOYEE (EMPLOYEE_ID,TEAM_ID,NAME,ADDRESS,PHONE_NUMBER,GENDER,MANAGER_ID) values (20034,10117,'Janina Fuhrmann','Schoenebergerstrasse 26 - 8505 Plauen','03741 32 94 40','F',20024);
Insert into EMPLOYEE (EMPLOYEE_ID,TEAM_ID,NAME,ADDRESS,PHONE_NUMBER,GENDER,MANAGER_ID) values (20035,10114,'Isengrim Chubb','An der Schillingbrucke 72 - 89278 Nersingen','07326 92 07 82','M',20024);
Insert into EMPLOYEE (EMPLOYEE_ID,TEAM_ID,NAME,ADDRESS,PHONE_NUMBER,GENDER,MANAGER_ID) values (20036,10115,'Pimpernel Took-Brandybuck','Hoheluftchaussee 27 - 4701 Leisnig','034321 96 05','F',20024);
Insert into EMPLOYEE (EMPLOYEE_ID,TEAM_ID,NAME,ADDRESS,PHONE_NUMBER,GENDER,MANAGER_ID) values (20037,10116,'Gundobad Gardner','Güntzelstrasse 20 - 54340 Leiwen','06507 93 26 56','M',20024);
Insert into EMPLOYEE (EMPLOYEE_ID,TEAM_ID,NAME,ADDRESS,PHONE_NUMBER,GENDER,MANAGER_ID) values (20038,10114,'Miranda Noakes','Rudolstaedter Strasse 31 - 63877 Sailauf','06024 95 24 46','F',20024);
Insert into EMPLOYEE (EMPLOYEE_ID,TEAM_ID,NAME,ADDRESS,PHONE_NUMBER,GENDER,MANAGER_ID) values (20048,10114,'Birgit Holzman','Ansbacher Strasse 90 - 56861 Reil','06542 93 77 65','F',20048);
Insert into EMPLOYEE (EMPLOYEE_ID,TEAM_ID,NAME,ADDRESS,PHONE_NUMBER,GENDER,MANAGER_ID) values (20049,10115,'Menegilda Chubb','Pasewalker Straße 62 - 73663 Berglen','07181 55 77 95','F',20048);
Insert into EMPLOYEE (EMPLOYEE_ID,TEAM_ID,NAME,ADDRESS,PHONE_NUMBER,GENDER,MANAGER_ID) values (20050,10114,'Bell Burrowes','Michaelkirchstr. 60 - 31698 Lindhorst','05725 35 79 41','F',20048);
Insert into EMPLOYEE (EMPLOYEE_ID,TEAM_ID,NAME,ADDRESS,PHONE_NUMBER,GENDER,MANAGER_ID) values (20051,10115,'May Button','Kantstrasse 34 - 90453 Nürnberg','0911 43 32 00','F',20048);
Insert into EMPLOYEE (EMPLOYEE_ID,TEAM_ID,NAME,ADDRESS,PHONE_NUMBER,GENDER,MANAGER_ID) values (20052,10116,'Leonie Abend','Hardenbergstraße 42 - 66887 Rutsweiler am Glan','06381 34 97 86','F',20048);
Insert into EMPLOYEE (EMPLOYEE_ID,TEAM_ID,NAME,ADDRESS,PHONE_NUMBER,GENDER,MANAGER_ID) values (20053,10114,'Maria Amsel','Büsingstrasse 55 - 85659 Forstern','08124 41 62 79','F',20048);
Insert into EMPLOYEE (EMPLOYEE_ID,TEAM_ID,NAME,ADDRESS,PHONE_NUMBER,GENDER,MANAGER_ID) values (20054,10114,'Leonie Neustadt','Holstenwall 38 - 6543 Abberode','034779 30 66','F',20048);
Insert into EMPLOYEE (EMPLOYEE_ID,TEAM_ID,NAME,ADDRESS,PHONE_NUMBER,GENDER,MANAGER_ID) values (20055,10115,'Heike Eisenhower','Mohrenstrasse 77 - 78592 Egesheim','07429 41 58 61','F',20048);
Insert into EMPLOYEE (EMPLOYEE_ID,TEAM_ID,NAME,ADDRESS,PHONE_NUMBER,GENDER,MANAGER_ID) values (20056,10117,'Mentha Sackville','Schaarsteinweg 5 - 92427 Neunburg','09439 54 31 06','F',20048);
Insert into EMPLOYEE (EMPLOYEE_ID,TEAM_ID,NAME,ADDRESS,PHONE_NUMBER,GENDER,MANAGER_ID) values (20057,10114,'Marco Herman','Rhinstrasse 94 - 80743 München','089 48 19 05','M',20071);
Insert into EMPLOYEE (EMPLOYEE_ID,TEAM_ID,NAME,ADDRESS,PHONE_NUMBER,GENDER,MANAGER_ID) values (20058,10115,'Anne Bohm','Ollenhauer Str. 19 - 70599 Stuttgart Hohenheim','0711 19 83 56','F',20071);
Insert into EMPLOYEE (EMPLOYEE_ID,TEAM_ID,NAME,ADDRESS,PHONE_NUMBER,GENDER,MANAGER_ID) values (20059,10117,'Cara Brandagamba','Budapester Straße 12 - 56370 Oberfischbach','06486 95 41 97','F',20071);
Insert into EMPLOYEE (EMPLOYEE_ID,TEAM_ID,NAME,ADDRESS,PHONE_NUMBER,GENDER,MANAGER_ID) values (20060,10114,'Rhoda Banks','Hardenbergstraße 99 - 66909 Hüffler','06384 60 99 05','F',20071);
Insert into EMPLOYEE (EMPLOYEE_ID,TEAM_ID,NAME,ADDRESS,PHONE_NUMBER,GENDER,MANAGER_ID) values (20061,10115,'Berylla Brockhouse','Rohrdamm 57 - 32108 Bad Salzuflen Grastrup-Hölsen','05208 37 37 52','F',20071);
Insert into EMPLOYEE (EMPLOYEE_ID,TEAM_ID,NAME,ADDRESS,PHONE_NUMBER,GENDER,MANAGER_ID) values (20062,10116,'Katharina Pabst','Schoenebergerstrasse 88 - 8350 Raschau','03774 68 92 64','F',20071);
Insert into EMPLOYEE (EMPLOYEE_ID,TEAM_ID,NAME,ADDRESS,PHONE_NUMBER,GENDER,MANAGER_ID) values (20063,10114,'Meriadoc Clayhanger','Ansbacher Strasse 61 - 55758 Schauren','06545 55 60 57','M',20071);
Insert into EMPLOYEE (EMPLOYEE_ID,TEAM_ID,NAME,ADDRESS,PHONE_NUMBER,GENDER,MANAGER_ID) values (20064,10115,'Thorsten Frueh','Gotzkowskystraße 3 - 35080 Bad Endbach','02776 69 52 34','M',20071);
Insert into EMPLOYEE (EMPLOYEE_ID,TEAM_ID,NAME,ADDRESS,PHONE_NUMBER,GENDER,MANAGER_ID) values (20065,10114,'Laura Egger','Joachimstaler Str. 23 - 55481 Rödern','06763 41 45 77','F',20071);
Insert into EMPLOYEE (EMPLOYEE_ID,TEAM_ID,NAME,ADDRESS,PHONE_NUMBER,GENDER,MANAGER_ID) values (20066,10115,'Felix Hoch','Wallstrasse 53 - 86833 Ettringen','02651 99 67 19','M',20071);
Insert into EMPLOYEE (EMPLOYEE_ID,TEAM_ID,NAME,ADDRESS,PHONE_NUMBER,GENDER,MANAGER_ID) values (20067,10116,'Andreas Schultheiss','Rohrdamm 56 - 32108 Bad Salzuflen Wüsten','05208 39 93 27','M',20071);
Insert into EMPLOYEE (EMPLOYEE_ID,TEAM_ID,NAME,ADDRESS,PHONE_NUMBER,GENDER,MANAGER_ID) values (20068,10114,'Savanna Rumble','Pasewalker Straße 56 - 75180 Pforzheim Dillweißenstein','07231 31 08 14','F',20071);
Insert into EMPLOYEE (EMPLOYEE_ID,TEAM_ID,NAME,ADDRESS,PHONE_NUMBER,GENDER,MANAGER_ID) values (20069,10114,'Ralf Vogt','Park Str. 38 - 42699 Solingen Ohligs/ Aufderhöhe','0212 11 10 86','M',20071);
Insert into EMPLOYEE (EMPLOYEE_ID,TEAM_ID,NAME,ADDRESS,PHONE_NUMBER,GENDER,MANAGER_ID) values (20070,10115,'Melilot Brandagamba','Genslerstraße 3 - 10827 Berlin Schöneberg','030 92 45 30','F',20071);
Insert into EMPLOYEE (EMPLOYEE_ID,TEAM_ID,NAME,ADDRESS,PHONE_NUMBER,GENDER,MANAGER_ID) values (20071,10117,'Torsten Vogel','Ellmenreichstrasse 48 - 91294 Forchheim','09191 62 88 71','M',20071);
Insert into EMPLOYEE (EMPLOYEE_ID,TEAM_ID,NAME,ADDRESS,PHONE_NUMBER,GENDER,MANAGER_ID) values (20072,10114,'Paladin Bolger-Baggins','Nuernbergerstrasse 81 - 26434 Wangerland','04425 48 50 19','M',20071);
Insert into EMPLOYEE (EMPLOYEE_ID,TEAM_ID,NAME,ADDRESS,PHONE_NUMBER,GENDER,MANAGER_ID) values (20073,10115,'Tom Hueber','Nuernbergerstrasse 48 - 26388 Wilhelmshaven','04421 14 89 73','M',20071);
Insert into EMPLOYEE (EMPLOYEE_ID,TEAM_ID,NAME,ADDRESS,PHONE_NUMBER,GENDER,MANAGER_ID) values (20074,10116,'Menegilda Puddifoot','Sonnenallee 98 - 79294 Sölden','0761 50 56 75','F',20071);
Insert into EMPLOYEE (EMPLOYEE_ID,TEAM_ID,NAME,ADDRESS,PHONE_NUMBER,GENDER,MANAGER_ID) values (20075,10114,'Lukas Hahn','Büsingstrasse 29 - 93086 Wörth','08121 40 05 11','M',20071);
Insert into EMPLOYEE (EMPLOYEE_ID,TEAM_ID,NAME,ADDRESS,PHONE_NUMBER,GENDER,MANAGER_ID) values (20076,10115,'Pervinca Diggle','Gubener Str. 51 - 83081 Riedering','08032 54 48 83','F',20071);
Insert into EMPLOYEE (EMPLOYEE_ID,TEAM_ID,NAME,ADDRESS,PHONE_NUMBER,GENDER,MANAGER_ID) values (20077,10117,'Susanne Zweig','Rhinstrasse 62 - 80714 München','089 30 85 86','F',20071);
Insert into EMPLOYEE (EMPLOYEE_ID,TEAM_ID,NAME,ADDRESS,PHONE_NUMBER,GENDER,MANAGER_ID) values (20078,10114,'Anke Boehm','Amsinckstrasse 61 - 7623 Hermsdorf','035057 98 66','F',20094);
Insert into EMPLOYEE (EMPLOYEE_ID,TEAM_ID,NAME,ADDRESS,PHONE_NUMBER,GENDER,MANAGER_ID) values (20079,10115,'Kalimac Smallburrow','Meininger Strasse 48 - 66515 Neunkirchen','06821 99 46 39','M',20094);
Insert into EMPLOYEE (EMPLOYEE_ID,TEAM_ID,NAME,ADDRESS,PHONE_NUMBER,GENDER,MANAGER_ID) values (20080,10116,'Tobias Kunze','Schoenebergerstrasse 24 - 8285 Schneeberg','03772 58 46 01','M',20094);
Insert into EMPLOYEE (EMPLOYEE_ID,TEAM_ID,NAME,ADDRESS,PHONE_NUMBER,GENDER,MANAGER_ID) values (20081,10114,'Katharina Lemann','Schmarjestrasse 2 - 93446 Waldmünchen','09978 50 96 84','F',20094);
Insert into EMPLOYEE (EMPLOYEE_ID,TEAM_ID,NAME,ADDRESS,PHONE_NUMBER,GENDER,MANAGER_ID) values (20082,10115,'Jo Noakes','Jenaer Strasse 56 - 42117 Wuppertal Elberfeld','0202 61 90 30','M',20094);
Insert into EMPLOYEE (EMPLOYEE_ID,TEAM_ID,NAME,ADDRESS,PHONE_NUMBER,GENDER,MANAGER_ID) values (20083,10114,'Marcel Wolf','Frankfurter Allee 89 - 89231 Neu-Ulm','0731 83 65 84','M',20094);
Insert into EMPLOYEE (EMPLOYEE_ID,TEAM_ID,NAME,ADDRESS,PHONE_NUMBER,GENDER,MANAGER_ID) values (20084,10115,'Folco Brandagamba','An der Alster 20 - 39642 Oebisfelde','039002 57 32','M',20094);
Insert into EMPLOYEE (EMPLOYEE_ID,TEAM_ID,NAME,ADDRESS,PHONE_NUMBER,GENDER,MANAGER_ID) values (20085,10116,'Silke Baader','Adenauerallee 53 - 17367 Eggesin','039779 43 72','F',20094);
Insert into EMPLOYEE (EMPLOYEE_ID,TEAM_ID,NAME,ADDRESS,PHONE_NUMBER,GENDER,MANAGER_ID) values (20086,10114,'Patrick Goldschmidt','Brandenburgische Strasse 35 - 76833 Walsheim','06341 18 37 24','M',20094);
Insert into EMPLOYEE (EMPLOYEE_ID,TEAM_ID,NAME,ADDRESS,PHONE_NUMBER,GENDER,MANAGER_ID) values (20087,10114,'Matthias Fried','Pappelallee 78 - 9425 Ehrenfriedersdorf','037341 92 38','M',20094);
Insert into EMPLOYEE (EMPLOYEE_ID,TEAM_ID,NAME,ADDRESS,PHONE_NUMBER,GENDER,MANAGER_ID) values (20088,10115,'Felix Egger','Schoenebergerstrasse 39 - 8313 Bernsbach','03771 60 71 87','M',20094);
Insert into EMPLOYEE (EMPLOYEE_ID,TEAM_ID,NAME,ADDRESS,PHONE_NUMBER,GENDER,MANAGER_ID) values (20089,10117,'Diamanda Brownlock','Koepenicker Str. 85 - 55776 Ruschberg','06783 65 31 16','F',20094);
REM INSERTING into PROJECT
SET DEFINE OFF;
Insert into PROJECT (PROJECT_ID,PROJECT_MANAGER_ID,PROJECT_NAME,PROJECT_TYPE,DESCRIPTION) values (30000,20017,'Viking','Consulting','No Description');
Insert into PROJECT (PROJECT_ID,PROJECT_MANAGER_ID,PROJECT_NAME,PROJECT_TYPE,DESCRIPTION) values (30001,20018,'Moosejaw','Consulting','No Description');
Insert into PROJECT (PROJECT_ID,PROJECT_MANAGER_ID,PROJECT_NAME,PROJECT_TYPE,DESCRIPTION) values (30002,20019,'Bharti Airtel','New Development','No Description');
Insert into PROJECT (PROJECT_ID,PROJECT_MANAGER_ID,PROJECT_NAME,PROJECT_TYPE,DESCRIPTION) values (30003,20020,'Lufthansa ','New Development','No Description');
Insert into PROJECT (PROJECT_ID,PROJECT_MANAGER_ID,PROJECT_NAME,PROJECT_TYPE,DESCRIPTION) values (30004,20021,'LA County','Consulting','No Description');
Insert into PROJECT (PROJECT_ID,PROJECT_MANAGER_ID,PROJECT_NAME,PROJECT_TYPE,DESCRIPTION) values (30005,20022,'FIDM','Service Component','No Description');
Insert into PROJECT (PROJECT_ID,PROJECT_MANAGER_ID,PROJECT_NAME,PROJECT_TYPE,DESCRIPTION) values (30006,20023,'Boston Medical','Experimental','No Description');
Insert into PROJECT (PROJECT_ID,PROJECT_MANAGER_ID,PROJECT_NAME,PROJECT_TYPE,DESCRIPTION) values (30007,20024,'Vital Alarm','New Development','No Description');
Insert into PROJECT (PROJECT_ID,PROJECT_MANAGER_ID,PROJECT_NAME,PROJECT_TYPE,DESCRIPTION) values (30008,20025,'Essential Summer','Service Component','No Description');
Insert into PROJECT (PROJECT_ID,PROJECT_MANAGER_ID,PROJECT_NAME,PROJECT_TYPE,DESCRIPTION) values (30009,20026,'Dangerous Proton','Experimental','No Description');
REM INSERTING into TRAVEL_AGENT
SET DEFINE OFF;
Insert into TRAVEL_AGENT (AGENT_ID,ADDRESS,NAME,PHONE_NUMBER) values (40000,'Sky Travel Agency','Augsburger Straße 67 - 44575 Castrop-Rauxel','02305 20 37 63');
Insert into TRAVEL_AGENT (AGENT_ID,ADDRESS,NAME,PHONE_NUMBER) values (40001,'Professional Couriers','Heiligengeistbrücke 48 - 91428 Bad Windsheim','09841 41 22 11');
Insert into TRAVEL_AGENT (AGENT_ID,ADDRESS,NAME,PHONE_NUMBER) values (40002,'Three Arrow Travel','Anhalter Strasse 63 - 67271 Obersülzen','06359 27 05 99');
Insert into TRAVEL_AGENT (AGENT_ID,ADDRESS,NAME,PHONE_NUMBER) values (40003,'Kings Landing','Fasanenstrasse 65 - 22391 Hamburg Sasel','040 84 88 42');
Insert into TRAVEL_AGENT (AGENT_ID,ADDRESS,NAME,PHONE_NUMBER) values (40004,'Santa Clause Services','Hollander Strasse 70 - 65558 Kaltenholzhausen','06430 65 25 62');
REM INSERTING into TRAVEL_DOCUMENT
SET DEFINE OFF;
Insert into TRAVEL_DOCUMENT (TRAVEL_DOCUMENT_ID,CLIENT_ID,PROJECT_ID,AGENT_ID,EMPLOYEE_ID,CREATED_DATE,MGR_STATUS,CFO_STATUS,FIN_STATUS,MGR_LAST_MODIFICATION,CFO_LAST_MODIFICATION,FIN_LAST_MODIFICATION) values (80084,50000,30000,40001,20084,to_timestamp('06-DEC-15 04.50.22.607000000 PM','DD-MON-RR HH.MI.SSXFF AM'),3,3,3,to_timestamp('06-DEC-15 04.50.22.607000000 PM','DD-MON-RR HH.MI.SSXFF AM'),to_timestamp('06-DEC-15 04.50.22.607000000 PM','DD-MON-RR HH.MI.SSXFF AM'),to_timestamp('06-DEC-15 04.50.22.607000000 PM','DD-MON-RR HH.MI.SSXFF AM'));
Insert into TRAVEL_DOCUMENT (TRAVEL_DOCUMENT_ID,CLIENT_ID,PROJECT_ID,AGENT_ID,EMPLOYEE_ID,CREATED_DATE,MGR_STATUS,CFO_STATUS,FIN_STATUS,MGR_LAST_MODIFICATION,CFO_LAST_MODIFICATION,FIN_LAST_MODIFICATION) values (80085,50000,30001,40000,20085,to_timestamp('06-DEC-15 04.50.22.607000000 PM','DD-MON-RR HH.MI.SSXFF AM'),3,2,1,to_timestamp('06-DEC-15 04.50.22.607000000 PM','DD-MON-RR HH.MI.SSXFF AM'),to_timestamp('06-DEC-15 04.50.22.607000000 PM','DD-MON-RR HH.MI.SSXFF AM'),to_timestamp('06-DEC-15 04.50.22.607000000 PM','DD-MON-RR HH.MI.SSXFF AM'));
Insert into TRAVEL_DOCUMENT (TRAVEL_DOCUMENT_ID,CLIENT_ID,PROJECT_ID,AGENT_ID,EMPLOYEE_ID,CREATED_DATE,MGR_STATUS,CFO_STATUS,FIN_STATUS,MGR_LAST_MODIFICATION,CFO_LAST_MODIFICATION,FIN_LAST_MODIFICATION) values (80086,50001,30002,40001,20086,to_timestamp('06-DEC-15 04.50.22.607000000 PM','DD-MON-RR HH.MI.SSXFF AM'),1,1,1,to_timestamp('06-DEC-15 04.50.22.607000000 PM','DD-MON-RR HH.MI.SSXFF AM'),to_timestamp('06-DEC-15 04.50.22.607000000 PM','DD-MON-RR HH.MI.SSXFF AM'),to_timestamp('06-DEC-15 04.50.22.607000000 PM','DD-MON-RR HH.MI.SSXFF AM'));
Insert into TRAVEL_DOCUMENT (TRAVEL_DOCUMENT_ID,CLIENT_ID,PROJECT_ID,AGENT_ID,EMPLOYEE_ID,CREATED_DATE,MGR_STATUS,CFO_STATUS,FIN_STATUS,MGR_LAST_MODIFICATION,CFO_LAST_MODIFICATION,FIN_LAST_MODIFICATION) values (80087,50002,30003,40002,20087,to_timestamp('06-DEC-15 04.50.22.607000000 PM','DD-MON-RR HH.MI.SSXFF AM'),1,1,1,to_timestamp('06-DEC-15 04.50.22.607000000 PM','DD-MON-RR HH.MI.SSXFF AM'),to_timestamp('06-DEC-15 04.50.22.607000000 PM','DD-MON-RR HH.MI.SSXFF AM'),to_timestamp('06-DEC-15 04.50.22.607000000 PM','DD-MON-RR HH.MI.SSXFF AM'));
Insert into TRAVEL_DOCUMENT (TRAVEL_DOCUMENT_ID,CLIENT_ID,PROJECT_ID,AGENT_ID,EMPLOYEE_ID,CREATED_DATE,MGR_STATUS,CFO_STATUS,FIN_STATUS,MGR_LAST_MODIFICATION,CFO_LAST_MODIFICATION,FIN_LAST_MODIFICATION) values (80088,50003,30003,40000,20088,to_timestamp('06-DEC-15 04.50.22.607000000 PM','DD-MON-RR HH.MI.SSXFF AM'),3,3,2,to_timestamp('06-DEC-15 04.50.22.607000000 PM','DD-MON-RR HH.MI.SSXFF AM'),to_timestamp('06-DEC-15 04.50.22.607000000 PM','DD-MON-RR HH.MI.SSXFF AM'),to_timestamp('06-DEC-15 04.50.22.607000000 PM','DD-MON-RR HH.MI.SSXFF AM'));
Insert into TRAVEL_DOCUMENT (TRAVEL_DOCUMENT_ID,CLIENT_ID,PROJECT_ID,AGENT_ID,EMPLOYEE_ID,CREATED_DATE,MGR_STATUS,CFO_STATUS,FIN_STATUS,MGR_LAST_MODIFICATION,CFO_LAST_MODIFICATION,FIN_LAST_MODIFICATION) values (80089,50004,30004,40001,20089,to_timestamp('06-DEC-15 04.50.22.607000000 PM','DD-MON-RR HH.MI.SSXFF AM'),2,1,1,to_timestamp('06-DEC-15 04.50.22.607000000 PM','DD-MON-RR HH.MI.SSXFF AM'),to_timestamp('06-DEC-15 04.50.22.607000000 PM','DD-MON-RR HH.MI.SSXFF AM'),to_timestamp('06-DEC-15 04.50.22.607000000 PM','DD-MON-RR HH.MI.SSXFF AM'));
Insert into TRAVEL_DOCUMENT (TRAVEL_DOCUMENT_ID,CLIENT_ID,PROJECT_ID,AGENT_ID,EMPLOYEE_ID,CREATED_DATE,MGR_STATUS,CFO_STATUS,FIN_STATUS,MGR_LAST_MODIFICATION,CFO_LAST_MODIFICATION,FIN_LAST_MODIFICATION) values (80090,50005,30003,40002,20090,to_timestamp('06-DEC-15 04.50.22.607000000 PM','DD-MON-RR HH.MI.SSXFF AM'),2,1,1,to_timestamp('06-DEC-15 04.50.22.607000000 PM','DD-MON-RR HH.MI.SSXFF AM'),to_timestamp('06-DEC-15 04.50.22.607000000 PM','DD-MON-RR HH.MI.SSXFF AM'),to_timestamp('06-DEC-15 04.50.22.607000000 PM','DD-MON-RR HH.MI.SSXFF AM'));
Insert into TRAVEL_DOCUMENT (TRAVEL_DOCUMENT_ID,CLIENT_ID,PROJECT_ID,AGENT_ID,EMPLOYEE_ID,CREATED_DATE,MGR_STATUS,CFO_STATUS,FIN_STATUS,MGR_LAST_MODIFICATION,CFO_LAST_MODIFICATION,FIN_LAST_MODIFICATION) values (80091,50006,30004,40003,20091,to_timestamp('06-DEC-15 04.50.22.607000000 PM','DD-MON-RR HH.MI.SSXFF AM'),3,3,2,to_timestamp('06-DEC-15 04.50.22.607000000 PM','DD-MON-RR HH.MI.SSXFF AM'),to_timestamp('06-DEC-15 04.50.22.607000000 PM','DD-MON-RR HH.MI.SSXFF AM'),to_timestamp('06-DEC-15 04.50.22.607000000 PM','DD-MON-RR HH.MI.SSXFF AM'));
Insert into TRAVEL_DOCUMENT (TRAVEL_DOCUMENT_ID,CLIENT_ID,PROJECT_ID,AGENT_ID,EMPLOYEE_ID,CREATED_DATE,MGR_STATUS,CFO_STATUS,FIN_STATUS,MGR_LAST_MODIFICATION,CFO_LAST_MODIFICATION,FIN_LAST_MODIFICATION) values (80092,50007,30005,40000,20092,to_timestamp('06-DEC-15 04.50.22.607000000 PM','DD-MON-RR HH.MI.SSXFF AM'),3,2,1,to_timestamp('06-DEC-15 04.50.22.607000000 PM','DD-MON-RR HH.MI.SSXFF AM'),to_timestamp('06-DEC-15 04.50.22.607000000 PM','DD-MON-RR HH.MI.SSXFF AM'),to_timestamp('06-DEC-15 04.50.22.607000000 PM','DD-MON-RR HH.MI.SSXFF AM'));
Insert into TRAVEL_DOCUMENT (TRAVEL_DOCUMENT_ID,CLIENT_ID,PROJECT_ID,AGENT_ID,EMPLOYEE_ID,CREATED_DATE,MGR_STATUS,CFO_STATUS,FIN_STATUS,MGR_LAST_MODIFICATION,CFO_LAST_MODIFICATION,FIN_LAST_MODIFICATION) values (80093,50008,30006,40001,20093,to_timestamp('06-DEC-15 04.50.22.607000000 PM','DD-MON-RR HH.MI.SSXFF AM'),3,1,1,to_timestamp('06-DEC-15 04.50.22.607000000 PM','DD-MON-RR HH.MI.SSXFF AM'),to_timestamp('06-DEC-15 04.50.22.607000000 PM','DD-MON-RR HH.MI.SSXFF AM'),to_timestamp('06-DEC-15 04.50.22.607000000 PM','DD-MON-RR HH.MI.SSXFF AM'));
Insert into TRAVEL_DOCUMENT (TRAVEL_DOCUMENT_ID,CLIENT_ID,PROJECT_ID,AGENT_ID,EMPLOYEE_ID,CREATED_DATE,MGR_STATUS,CFO_STATUS,FIN_STATUS,MGR_LAST_MODIFICATION,CFO_LAST_MODIFICATION,FIN_LAST_MODIFICATION) values (80094,50009,30007,40000,20094,to_timestamp('06-DEC-15 04.50.22.607000000 PM','DD-MON-RR HH.MI.SSXFF AM'),2,1,1,to_timestamp('06-DEC-15 04.50.22.607000000 PM','DD-MON-RR HH.MI.SSXFF AM'),to_timestamp('06-DEC-15 04.50.22.607000000 PM','DD-MON-RR HH.MI.SSXFF AM'),to_timestamp('06-DEC-15 04.50.22.607000000 PM','DD-MON-RR HH.MI.SSXFF AM'));
Insert into TRAVEL_DOCUMENT (TRAVEL_DOCUMENT_ID,CLIENT_ID,PROJECT_ID,AGENT_ID,EMPLOYEE_ID,CREATED_DATE,MGR_STATUS,CFO_STATUS,FIN_STATUS,MGR_LAST_MODIFICATION,CFO_LAST_MODIFICATION,FIN_LAST_MODIFICATION) values (80095,50000,30000,40001,20095,to_timestamp('06-DEC-15 04.50.22.607000000 PM','DD-MON-RR HH.MI.SSXFF AM'),3,3,3,to_timestamp('06-DEC-15 04.50.22.607000000 PM','DD-MON-RR HH.MI.SSXFF AM'),to_timestamp('06-DEC-15 04.50.22.607000000 PM','DD-MON-RR HH.MI.SSXFF AM'),to_timestamp('06-DEC-15 04.50.22.607000000 PM','DD-MON-RR HH.MI.SSXFF AM'));
Insert into TRAVEL_DOCUMENT (TRAVEL_DOCUMENT_ID,CLIENT_ID,PROJECT_ID,AGENT_ID,EMPLOYEE_ID,CREATED_DATE,MGR_STATUS,CFO_STATUS,FIN_STATUS,MGR_LAST_MODIFICATION,CFO_LAST_MODIFICATION,FIN_LAST_MODIFICATION) values (80096,50001,30001,40002,20096,to_timestamp('06-DEC-15 04.50.22.607000000 PM','DD-MON-RR HH.MI.SSXFF AM'),3,3,2,to_timestamp('06-DEC-15 04.50.22.607000000 PM','DD-MON-RR HH.MI.SSXFF AM'),to_timestamp('06-DEC-15 04.50.22.607000000 PM','DD-MON-RR HH.MI.SSXFF AM'),to_timestamp('06-DEC-15 04.50.22.607000000 PM','DD-MON-RR HH.MI.SSXFF AM'));
Insert into TRAVEL_DOCUMENT (TRAVEL_DOCUMENT_ID,CLIENT_ID,PROJECT_ID,AGENT_ID,EMPLOYEE_ID,CREATED_DATE,MGR_STATUS,CFO_STATUS,FIN_STATUS,MGR_LAST_MODIFICATION,CFO_LAST_MODIFICATION,FIN_LAST_MODIFICATION) values (80097,50002,30002,40003,20097,to_timestamp('06-DEC-15 04.50.22.607000000 PM','DD-MON-RR HH.MI.SSXFF AM'),3,3,3,to_timestamp('06-DEC-15 04.50.22.607000000 PM','DD-MON-RR HH.MI.SSXFF AM'),to_timestamp('06-DEC-15 04.50.22.607000000 PM','DD-MON-RR HH.MI.SSXFF AM'),to_timestamp('06-DEC-15 04.50.22.607000000 PM','DD-MON-RR HH.MI.SSXFF AM'));
Insert into TRAVEL_DOCUMENT (TRAVEL_DOCUMENT_ID,CLIENT_ID,PROJECT_ID,AGENT_ID,EMPLOYEE_ID,CREATED_DATE,MGR_STATUS,CFO_STATUS,FIN_STATUS,MGR_LAST_MODIFICATION,CFO_LAST_MODIFICATION,FIN_LAST_MODIFICATION) values (80098,50003,30003,40000,20098,to_timestamp('06-DEC-15 04.50.22.607000000 PM','DD-MON-RR HH.MI.SSXFF AM'),2,1,1,to_timestamp('06-DEC-15 04.50.22.607000000 PM','DD-MON-RR HH.MI.SSXFF AM'),to_timestamp('06-DEC-15 04.50.22.607000000 PM','DD-MON-RR HH.MI.SSXFF AM'),to_timestamp('06-DEC-15 04.50.22.607000000 PM','DD-MON-RR HH.MI.SSXFF AM'));
Insert into TRAVEL_DOCUMENT (TRAVEL_DOCUMENT_ID,CLIENT_ID,PROJECT_ID,AGENT_ID,EMPLOYEE_ID,CREATED_DATE,MGR_STATUS,CFO_STATUS,FIN_STATUS,MGR_LAST_MODIFICATION,CFO_LAST_MODIFICATION,FIN_LAST_MODIFICATION) values (80099,50004,30004,40001,20099,to_timestamp('06-DEC-15 04.50.22.607000000 PM','DD-MON-RR HH.MI.SSXFF AM'),3,2,1,to_timestamp('06-DEC-15 04.50.22.607000000 PM','DD-MON-RR HH.MI.SSXFF AM'),to_timestamp('06-DEC-15 04.50.22.607000000 PM','DD-MON-RR HH.MI.SSXFF AM'),to_timestamp('06-DEC-15 04.50.22.607000000 PM','DD-MON-RR HH.MI.SSXFF AM'));
Insert into TRAVEL_DOCUMENT (TRAVEL_DOCUMENT_ID,CLIENT_ID,PROJECT_ID,AGENT_ID,EMPLOYEE_ID,CREATED_DATE,MGR_STATUS,CFO_STATUS,FIN_STATUS,MGR_LAST_MODIFICATION,CFO_LAST_MODIFICATION,FIN_LAST_MODIFICATION) values (80100,50005,30003,40002,20100,to_timestamp('06-DEC-15 04.50.22.654000000 PM','DD-MON-RR HH.MI.SSXFF AM'),3,2,1,to_timestamp('06-DEC-15 04.50.22.654000000 PM','DD-MON-RR HH.MI.SSXFF AM'),to_timestamp('06-DEC-15 04.50.22.654000000 PM','DD-MON-RR HH.MI.SSXFF AM'),to_timestamp('06-DEC-15 04.50.22.654000000 PM','DD-MON-RR HH.MI.SSXFF AM'));
Insert into TRAVEL_DOCUMENT (TRAVEL_DOCUMENT_ID,CLIENT_ID,PROJECT_ID,AGENT_ID,EMPLOYEE_ID,CREATED_DATE,MGR_STATUS,CFO_STATUS,FIN_STATUS,MGR_LAST_MODIFICATION,CFO_LAST_MODIFICATION,FIN_LAST_MODIFICATION) values (80101,50006,30004,40000,20101,to_timestamp('06-DEC-15 04.50.22.654000000 PM','DD-MON-RR HH.MI.SSXFF AM'),3,3,2,to_timestamp('06-DEC-15 04.50.22.654000000 PM','DD-MON-RR HH.MI.SSXFF AM'),to_timestamp('06-DEC-15 04.50.22.654000000 PM','DD-MON-RR HH.MI.SSXFF AM'),to_timestamp('06-DEC-15 04.50.22.654000000 PM','DD-MON-RR HH.MI.SSXFF AM'));
Insert into TRAVEL_DOCUMENT (TRAVEL_DOCUMENT_ID,CLIENT_ID,PROJECT_ID,AGENT_ID,EMPLOYEE_ID,CREATED_DATE,MGR_STATUS,CFO_STATUS,FIN_STATUS,MGR_LAST_MODIFICATION,CFO_LAST_MODIFICATION,FIN_LAST_MODIFICATION) values (80102,50007,30005,40001,20102,to_timestamp('06-DEC-15 04.50.22.654000000 PM','DD-MON-RR HH.MI.SSXFF AM'),3,3,2,to_timestamp('06-DEC-15 04.50.22.654000000 PM','DD-MON-RR HH.MI.SSXFF AM'),to_timestamp('06-DEC-15 04.50.22.654000000 PM','DD-MON-RR HH.MI.SSXFF AM'),to_timestamp('06-DEC-15 04.50.22.654000000 PM','DD-MON-RR HH.MI.SSXFF AM'));
Insert into TRAVEL_DOCUMENT (TRAVEL_DOCUMENT_ID,CLIENT_ID,PROJECT_ID,AGENT_ID,EMPLOYEE_ID,CREATED_DATE,MGR_STATUS,CFO_STATUS,FIN_STATUS,MGR_LAST_MODIFICATION,CFO_LAST_MODIFICATION,FIN_LAST_MODIFICATION) values (80103,50008,30006,40002,20103,to_timestamp('06-DEC-15 04.50.22.654000000 PM','DD-MON-RR HH.MI.SSXFF AM'),3,3,3,to_timestamp('06-DEC-15 04.50.22.654000000 PM','DD-MON-RR HH.MI.SSXFF AM'),to_timestamp('06-DEC-15 04.50.22.654000000 PM','DD-MON-RR HH.MI.SSXFF AM'),to_timestamp('06-DEC-15 04.50.22.654000000 PM','DD-MON-RR HH.MI.SSXFF AM'));
Insert into TRAVEL_DOCUMENT (TRAVEL_DOCUMENT_ID,CLIENT_ID,PROJECT_ID,AGENT_ID,EMPLOYEE_ID,CREATED_DATE,MGR_STATUS,CFO_STATUS,FIN_STATUS,MGR_LAST_MODIFICATION,CFO_LAST_MODIFICATION,FIN_LAST_MODIFICATION) values (80104,50000,30007,40003,20104,to_timestamp('06-DEC-15 04.50.22.654000000 PM','DD-MON-RR HH.MI.SSXFF AM'),3,3,3,to_timestamp('06-DEC-15 04.50.22.654000000 PM','DD-MON-RR HH.MI.SSXFF AM'),to_timestamp('06-DEC-15 04.50.22.654000000 PM','DD-MON-RR HH.MI.SSXFF AM'),to_timestamp('06-DEC-15 04.50.22.654000000 PM','DD-MON-RR HH.MI.SSXFF AM'));
Insert into TRAVEL_DOCUMENT (TRAVEL_DOCUMENT_ID,CLIENT_ID,PROJECT_ID,AGENT_ID,EMPLOYEE_ID,CREATED_DATE,MGR_STATUS,CFO_STATUS,FIN_STATUS,MGR_LAST_MODIFICATION,CFO_LAST_MODIFICATION,FIN_LAST_MODIFICATION) values (80105,50000,30000,40000,20105,to_timestamp('06-DEC-15 04.50.22.654000000 PM','DD-MON-RR HH.MI.SSXFF AM'),2,1,1,to_timestamp('06-DEC-15 04.50.22.654000000 PM','DD-MON-RR HH.MI.SSXFF AM'),to_timestamp('06-DEC-15 04.50.22.654000000 PM','DD-MON-RR HH.MI.SSXFF AM'),to_timestamp('06-DEC-15 04.50.22.654000000 PM','DD-MON-RR HH.MI.SSXFF AM'));
Insert into TRAVEL_DOCUMENT (TRAVEL_DOCUMENT_ID,CLIENT_ID,PROJECT_ID,AGENT_ID,EMPLOYEE_ID,CREATED_DATE,MGR_STATUS,CFO_STATUS,FIN_STATUS,MGR_LAST_MODIFICATION,CFO_LAST_MODIFICATION,FIN_LAST_MODIFICATION) values (80106,50001,30001,40001,20106,to_timestamp('06-DEC-15 04.50.22.654000000 PM','DD-MON-RR HH.MI.SSXFF AM'),2,1,1,to_timestamp('06-DEC-15 04.50.22.654000000 PM','DD-MON-RR HH.MI.SSXFF AM'),to_timestamp('06-DEC-15 04.50.22.654000000 PM','DD-MON-RR HH.MI.SSXFF AM'),to_timestamp('06-DEC-15 04.50.22.654000000 PM','DD-MON-RR HH.MI.SSXFF AM'));
Insert into TRAVEL_DOCUMENT (TRAVEL_DOCUMENT_ID,CLIENT_ID,PROJECT_ID,AGENT_ID,EMPLOYEE_ID,CREATED_DATE,MGR_STATUS,CFO_STATUS,FIN_STATUS,MGR_LAST_MODIFICATION,CFO_LAST_MODIFICATION,FIN_LAST_MODIFICATION) values (80107,50002,30000,40000,20107,to_timestamp('06-DEC-15 04.50.22.654000000 PM','DD-MON-RR HH.MI.SSXFF AM'),3,2,1,to_timestamp('06-DEC-15 04.50.22.654000000 PM','DD-MON-RR HH.MI.SSXFF AM'),to_timestamp('06-DEC-15 04.50.22.654000000 PM','DD-MON-RR HH.MI.SSXFF AM'),to_timestamp('06-DEC-15 04.50.22.654000000 PM','DD-MON-RR HH.MI.SSXFF AM'));
Insert into TRAVEL_DOCUMENT (TRAVEL_DOCUMENT_ID,CLIENT_ID,PROJECT_ID,AGENT_ID,EMPLOYEE_ID,CREATED_DATE,MGR_STATUS,CFO_STATUS,FIN_STATUS,MGR_LAST_MODIFICATION,CFO_LAST_MODIFICATION,FIN_LAST_MODIFICATION) values (80108,50003,30001,40001,20108,to_timestamp('06-DEC-15 04.50.22.654000000 PM','DD-MON-RR HH.MI.SSXFF AM'),3,3,2,to_timestamp('06-DEC-15 04.50.22.654000000 PM','DD-MON-RR HH.MI.SSXFF AM'),to_timestamp('06-DEC-15 04.50.22.654000000 PM','DD-MON-RR HH.MI.SSXFF AM'),to_timestamp('06-DEC-15 04.50.22.654000000 PM','DD-MON-RR HH.MI.SSXFF AM'));
Insert into TRAVEL_DOCUMENT (TRAVEL_DOCUMENT_ID,CLIENT_ID,PROJECT_ID,AGENT_ID,EMPLOYEE_ID,CREATED_DATE,MGR_STATUS,CFO_STATUS,FIN_STATUS,MGR_LAST_MODIFICATION,CFO_LAST_MODIFICATION,FIN_LAST_MODIFICATION) values (80109,50004,30002,40002,20109,to_timestamp('06-DEC-15 04.50.22.654000000 PM','DD-MON-RR HH.MI.SSXFF AM'),3,3,3,to_timestamp('06-DEC-15 04.50.22.654000000 PM','DD-MON-RR HH.MI.SSXFF AM'),to_timestamp('06-DEC-15 04.50.22.654000000 PM','DD-MON-RR HH.MI.SSXFF AM'),to_timestamp('06-DEC-15 04.50.22.654000000 PM','DD-MON-RR HH.MI.SSXFF AM'));
Insert into TRAVEL_DOCUMENT (TRAVEL_DOCUMENT_ID,CLIENT_ID,PROJECT_ID,AGENT_ID,EMPLOYEE_ID,CREATED_DATE,MGR_STATUS,CFO_STATUS,FIN_STATUS,MGR_LAST_MODIFICATION,CFO_LAST_MODIFICATION,FIN_LAST_MODIFICATION) values (80110,50005,30000,40001,20110,to_timestamp('06-DEC-15 04.50.22.654000000 PM','DD-MON-RR HH.MI.SSXFF AM'),3,3,3,to_timestamp('06-DEC-15 04.50.22.654000000 PM','DD-MON-RR HH.MI.SSXFF AM'),to_timestamp('06-DEC-15 04.50.22.654000000 PM','DD-MON-RR HH.MI.SSXFF AM'),to_timestamp('06-DEC-15 04.50.22.654000000 PM','DD-MON-RR HH.MI.SSXFF AM'));
Insert into TRAVEL_DOCUMENT (TRAVEL_DOCUMENT_ID,CLIENT_ID,PROJECT_ID,AGENT_ID,EMPLOYEE_ID,CREATED_DATE,MGR_STATUS,CFO_STATUS,FIN_STATUS,MGR_LAST_MODIFICATION,CFO_LAST_MODIFICATION,FIN_LAST_MODIFICATION) values (80111,50006,30001,40002,20111,to_timestamp('06-DEC-15 04.50.22.654000000 PM','DD-MON-RR HH.MI.SSXFF AM'),2,1,1,to_timestamp('06-DEC-15 04.50.22.654000000 PM','DD-MON-RR HH.MI.SSXFF AM'),to_timestamp('06-DEC-15 04.50.22.654000000 PM','DD-MON-RR HH.MI.SSXFF AM'),to_timestamp('06-DEC-15 04.50.22.654000000 PM','DD-MON-RR HH.MI.SSXFF AM'));
Insert into TRAVEL_DOCUMENT (TRAVEL_DOCUMENT_ID,CLIENT_ID,PROJECT_ID,AGENT_ID,EMPLOYEE_ID,CREATED_DATE,MGR_STATUS,CFO_STATUS,FIN_STATUS,MGR_LAST_MODIFICATION,CFO_LAST_MODIFICATION,FIN_LAST_MODIFICATION) values (80112,50007,30002,40000,20112,to_timestamp('06-DEC-15 04.50.22.654000000 PM','DD-MON-RR HH.MI.SSXFF AM'),1,1,1,to_timestamp('06-DEC-15 04.50.22.654000000 PM','DD-MON-RR HH.MI.SSXFF AM'),to_timestamp('06-DEC-15 04.50.22.654000000 PM','DD-MON-RR HH.MI.SSXFF AM'),to_timestamp('06-DEC-15 04.50.22.654000000 PM','DD-MON-RR HH.MI.SSXFF AM'));
Insert into TRAVEL_DOCUMENT (TRAVEL_DOCUMENT_ID,CLIENT_ID,PROJECT_ID,AGENT_ID,EMPLOYEE_ID,CREATED_DATE,MGR_STATUS,CFO_STATUS,FIN_STATUS,MGR_LAST_MODIFICATION,CFO_LAST_MODIFICATION,FIN_LAST_MODIFICATION) values (80113,50008,30003,40001,20113,to_timestamp('06-DEC-15 04.50.22.654000000 PM','DD-MON-RR HH.MI.SSXFF AM'),1,1,1,to_timestamp('06-DEC-15 04.50.22.654000000 PM','DD-MON-RR HH.MI.SSXFF AM'),to_timestamp('06-DEC-15 04.50.22.654000000 PM','DD-MON-RR HH.MI.SSXFF AM'),to_timestamp('06-DEC-15 04.50.22.654000000 PM','DD-MON-RR HH.MI.SSXFF AM'));
Insert into TRAVEL_DOCUMENT (TRAVEL_DOCUMENT_ID,CLIENT_ID,PROJECT_ID,AGENT_ID,EMPLOYEE_ID,CREATED_DATE,MGR_STATUS,CFO_STATUS,FIN_STATUS,MGR_LAST_MODIFICATION,CFO_LAST_MODIFICATION,FIN_LAST_MODIFICATION) values (80114,50009,30004,40002,20114,to_timestamp('06-DEC-15 04.50.22.654000000 PM','DD-MON-RR HH.MI.SSXFF AM'),3,1,1,to_timestamp('06-DEC-15 04.50.22.654000000 PM','DD-MON-RR HH.MI.SSXFF AM'),to_timestamp('06-DEC-15 04.50.22.654000000 PM','DD-MON-RR HH.MI.SSXFF AM'),to_timestamp('06-DEC-15 04.50.22.654000000 PM','DD-MON-RR HH.MI.SSXFF AM'));
Insert into TRAVEL_DOCUMENT (TRAVEL_DOCUMENT_ID,CLIENT_ID,PROJECT_ID,AGENT_ID,EMPLOYEE_ID,CREATED_DATE,MGR_STATUS,CFO_STATUS,FIN_STATUS,MGR_LAST_MODIFICATION,CFO_LAST_MODIFICATION,FIN_LAST_MODIFICATION) values (80115,50000,30005,40003,20115,to_timestamp('06-DEC-15 04.50.22.654000000 PM','DD-MON-RR HH.MI.SSXFF AM'),3,3,3,to_timestamp('06-DEC-15 04.50.22.654000000 PM','DD-MON-RR HH.MI.SSXFF AM'),to_timestamp('06-DEC-15 04.50.22.654000000 PM','DD-MON-RR HH.MI.SSXFF AM'),to_timestamp('06-DEC-15 04.50.22.654000000 PM','DD-MON-RR HH.MI.SSXFF AM'));
Insert into TRAVEL_DOCUMENT (TRAVEL_DOCUMENT_ID,CLIENT_ID,PROJECT_ID,AGENT_ID,EMPLOYEE_ID,CREATED_DATE,MGR_STATUS,CFO_STATUS,FIN_STATUS,MGR_LAST_MODIFICATION,CFO_LAST_MODIFICATION,FIN_LAST_MODIFICATION) values (80116,50001,30006,40000,20116,to_timestamp('06-DEC-15 04.50.22.654000000 PM','DD-MON-RR HH.MI.SSXFF AM'),3,2,1,to_timestamp('06-DEC-15 04.50.22.654000000 PM','DD-MON-RR HH.MI.SSXFF AM'),to_timestamp('06-DEC-15 04.50.22.654000000 PM','DD-MON-RR HH.MI.SSXFF AM'),to_timestamp('06-DEC-15 04.50.22.654000000 PM','DD-MON-RR HH.MI.SSXFF AM'));
Insert into TRAVEL_DOCUMENT (TRAVEL_DOCUMENT_ID,CLIENT_ID,PROJECT_ID,AGENT_ID,EMPLOYEE_ID,CREATED_DATE,MGR_STATUS,CFO_STATUS,FIN_STATUS,MGR_LAST_MODIFICATION,CFO_LAST_MODIFICATION,FIN_LAST_MODIFICATION) values (80117,50002,30007,40001,20117,to_timestamp('06-DEC-15 04.50.22.654000000 PM','DD-MON-RR HH.MI.SSXFF AM'),1,1,1,to_timestamp('06-DEC-15 04.50.22.654000000 PM','DD-MON-RR HH.MI.SSXFF AM'),to_timestamp('06-DEC-15 04.50.22.654000000 PM','DD-MON-RR HH.MI.SSXFF AM'),to_timestamp('06-DEC-15 04.50.22.654000000 PM','DD-MON-RR HH.MI.SSXFF AM'));
Insert into TRAVEL_DOCUMENT (TRAVEL_DOCUMENT_ID,CLIENT_ID,PROJECT_ID,AGENT_ID,EMPLOYEE_ID,CREATED_DATE,MGR_STATUS,CFO_STATUS,FIN_STATUS,MGR_LAST_MODIFICATION,CFO_LAST_MODIFICATION,FIN_LAST_MODIFICATION) values (80118,50003,30000,40000,20118,to_timestamp('06-DEC-15 04.50.22.654000000 PM','DD-MON-RR HH.MI.SSXFF AM'),1,1,1,to_timestamp('06-DEC-15 04.50.22.654000000 PM','DD-MON-RR HH.MI.SSXFF AM'),to_timestamp('06-DEC-15 04.50.22.654000000 PM','DD-MON-RR HH.MI.SSXFF AM'),to_timestamp('06-DEC-15 04.50.22.654000000 PM','DD-MON-RR HH.MI.SSXFF AM'));
Insert into TRAVEL_DOCUMENT (TRAVEL_DOCUMENT_ID,CLIENT_ID,PROJECT_ID,AGENT_ID,EMPLOYEE_ID,CREATED_DATE,MGR_STATUS,CFO_STATUS,FIN_STATUS,MGR_LAST_MODIFICATION,CFO_LAST_MODIFICATION,FIN_LAST_MODIFICATION) values (80119,50004,30001,40001,20119,to_timestamp('06-DEC-15 04.50.22.654000000 PM','DD-MON-RR HH.MI.SSXFF AM'),3,3,2,to_timestamp('06-DEC-15 04.50.22.654000000 PM','DD-MON-RR HH.MI.SSXFF AM'),to_timestamp('06-DEC-15 04.50.22.654000000 PM','DD-MON-RR HH.MI.SSXFF AM'),to_timestamp('06-DEC-15 04.50.22.654000000 PM','DD-MON-RR HH.MI.SSXFF AM'));
Insert into TRAVEL_DOCUMENT (TRAVEL_DOCUMENT_ID,CLIENT_ID,PROJECT_ID,AGENT_ID,EMPLOYEE_ID,CREATED_DATE,MGR_STATUS,CFO_STATUS,FIN_STATUS,MGR_LAST_MODIFICATION,CFO_LAST_MODIFICATION,FIN_LAST_MODIFICATION) values (80120,50005,30002,40002,20120,to_timestamp('06-DEC-15 04.50.22.654000000 PM','DD-MON-RR HH.MI.SSXFF AM'),2,1,1,to_timestamp('06-DEC-15 04.50.22.654000000 PM','DD-MON-RR HH.MI.SSXFF AM'),to_timestamp('06-DEC-15 04.50.22.654000000 PM','DD-MON-RR HH.MI.SSXFF AM'),to_timestamp('06-DEC-15 04.50.22.654000000 PM','DD-MON-RR HH.MI.SSXFF AM'));
Insert into TRAVEL_DOCUMENT (TRAVEL_DOCUMENT_ID,CLIENT_ID,PROJECT_ID,AGENT_ID,EMPLOYEE_ID,CREATED_DATE,MGR_STATUS,CFO_STATUS,FIN_STATUS,MGR_LAST_MODIFICATION,CFO_LAST_MODIFICATION,FIN_LAST_MODIFICATION) values (80121,50006,30003,40003,20121,to_timestamp('06-DEC-15 04.50.22.654000000 PM','DD-MON-RR HH.MI.SSXFF AM'),2,1,1,to_timestamp('06-DEC-15 04.50.22.654000000 PM','DD-MON-RR HH.MI.SSXFF AM'),to_timestamp('06-DEC-15 04.50.22.654000000 PM','DD-MON-RR HH.MI.SSXFF AM'),to_timestamp('06-DEC-15 04.50.22.654000000 PM','DD-MON-RR HH.MI.SSXFF AM'));
Insert into TRAVEL_DOCUMENT (TRAVEL_DOCUMENT_ID,CLIENT_ID,PROJECT_ID,AGENT_ID,EMPLOYEE_ID,CREATED_DATE,MGR_STATUS,CFO_STATUS,FIN_STATUS,MGR_LAST_MODIFICATION,CFO_LAST_MODIFICATION,FIN_LAST_MODIFICATION) values (80122,50007,30004,40000,20122,to_timestamp('06-DEC-15 04.50.22.654000000 PM','DD-MON-RR HH.MI.SSXFF AM'),3,3,2,to_timestamp('06-DEC-15 04.50.22.654000000 PM','DD-MON-RR HH.MI.SSXFF AM'),to_timestamp('06-DEC-15 04.50.22.654000000 PM','DD-MON-RR HH.MI.SSXFF AM'),to_timestamp('06-DEC-15 04.50.22.654000000 PM','DD-MON-RR HH.MI.SSXFF AM'));
Insert into TRAVEL_DOCUMENT (TRAVEL_DOCUMENT_ID,CLIENT_ID,PROJECT_ID,AGENT_ID,EMPLOYEE_ID,CREATED_DATE,MGR_STATUS,CFO_STATUS,FIN_STATUS,MGR_LAST_MODIFICATION,CFO_LAST_MODIFICATION,FIN_LAST_MODIFICATION) values (80123,50008,30005,40001,20123,to_timestamp('06-DEC-15 04.50.22.654000000 PM','DD-MON-RR HH.MI.SSXFF AM'),3,2,1,to_timestamp('06-DEC-15 04.50.22.654000000 PM','DD-MON-RR HH.MI.SSXFF AM'),to_timestamp('06-DEC-15 04.50.22.654000000 PM','DD-MON-RR HH.MI.SSXFF AM'),to_timestamp('06-DEC-15 04.50.22.654000000 PM','DD-MON-RR HH.MI.SSXFF AM'));
Insert into TRAVEL_DOCUMENT (TRAVEL_DOCUMENT_ID,CLIENT_ID,PROJECT_ID,AGENT_ID,EMPLOYEE_ID,CREATED_DATE,MGR_STATUS,CFO_STATUS,FIN_STATUS,MGR_LAST_MODIFICATION,CFO_LAST_MODIFICATION,FIN_LAST_MODIFICATION) values (80124,50000,30006,40002,20124,to_timestamp('06-DEC-15 04.50.22.654000000 PM','DD-MON-RR HH.MI.SSXFF AM'),3,1,1,to_timestamp('06-DEC-15 04.50.22.654000000 PM','DD-MON-RR HH.MI.SSXFF AM'),to_timestamp('06-DEC-15 04.50.22.654000000 PM','DD-MON-RR HH.MI.SSXFF AM'),to_timestamp('06-DEC-15 04.50.22.654000000 PM','DD-MON-RR HH.MI.SSXFF AM'));
Insert into TRAVEL_DOCUMENT (TRAVEL_DOCUMENT_ID,CLIENT_ID,PROJECT_ID,AGENT_ID,EMPLOYEE_ID,CREATED_DATE,MGR_STATUS,CFO_STATUS,FIN_STATUS,MGR_LAST_MODIFICATION,CFO_LAST_MODIFICATION,FIN_LAST_MODIFICATION) values (80125,50000,30007,40000,20125,to_timestamp('06-DEC-15 04.50.22.654000000 PM','DD-MON-RR HH.MI.SSXFF AM'),2,1,1,to_timestamp('06-DEC-15 04.50.22.654000000 PM','DD-MON-RR HH.MI.SSXFF AM'),to_timestamp('06-DEC-15 04.50.22.654000000 PM','DD-MON-RR HH.MI.SSXFF AM'),to_timestamp('06-DEC-15 04.50.22.654000000 PM','DD-MON-RR HH.MI.SSXFF AM'));
Insert into TRAVEL_DOCUMENT (TRAVEL_DOCUMENT_ID,CLIENT_ID,PROJECT_ID,AGENT_ID,EMPLOYEE_ID,CREATED_DATE,MGR_STATUS,CFO_STATUS,FIN_STATUS,MGR_LAST_MODIFICATION,CFO_LAST_MODIFICATION,FIN_LAST_MODIFICATION) values (80126,50001,30008,40001,20126,to_timestamp('06-DEC-15 04.50.22.654000000 PM','DD-MON-RR HH.MI.SSXFF AM'),3,3,3,to_timestamp('06-DEC-15 04.50.22.654000000 PM','DD-MON-RR HH.MI.SSXFF AM'),to_timestamp('06-DEC-15 04.50.22.654000000 PM','DD-MON-RR HH.MI.SSXFF AM'),to_timestamp('06-DEC-15 04.50.22.654000000 PM','DD-MON-RR HH.MI.SSXFF AM'));
Insert into TRAVEL_DOCUMENT (TRAVEL_DOCUMENT_ID,CLIENT_ID,PROJECT_ID,AGENT_ID,EMPLOYEE_ID,CREATED_DATE,MGR_STATUS,CFO_STATUS,FIN_STATUS,MGR_LAST_MODIFICATION,CFO_LAST_MODIFICATION,FIN_LAST_MODIFICATION) values (80127,50002,30009,40002,20127,to_timestamp('06-DEC-15 04.50.22.654000000 PM','DD-MON-RR HH.MI.SSXFF AM'),3,3,2,to_timestamp('06-DEC-15 04.50.22.654000000 PM','DD-MON-RR HH.MI.SSXFF AM'),to_timestamp('06-DEC-15 04.50.22.654000000 PM','DD-MON-RR HH.MI.SSXFF AM'),to_timestamp('06-DEC-15 04.50.22.654000000 PM','DD-MON-RR HH.MI.SSXFF AM'));
Insert into TRAVEL_DOCUMENT (TRAVEL_DOCUMENT_ID,CLIENT_ID,PROJECT_ID,AGENT_ID,EMPLOYEE_ID,CREATED_DATE,MGR_STATUS,CFO_STATUS,FIN_STATUS,MGR_LAST_MODIFICATION,CFO_LAST_MODIFICATION,FIN_LAST_MODIFICATION) values (80128,50003,30003,40003,20128,to_timestamp('06-DEC-15 04.50.22.654000000 PM','DD-MON-RR HH.MI.SSXFF AM'),3,3,3,to_timestamp('06-DEC-15 04.50.22.654000000 PM','DD-MON-RR HH.MI.SSXFF AM'),to_timestamp('06-DEC-15 04.50.22.654000000 PM','DD-MON-RR HH.MI.SSXFF AM'),to_timestamp('06-DEC-15 04.50.22.654000000 PM','DD-MON-RR HH.MI.SSXFF AM'));
Insert into TRAVEL_DOCUMENT (TRAVEL_DOCUMENT_ID,CLIENT_ID,PROJECT_ID,AGENT_ID,EMPLOYEE_ID,CREATED_DATE,MGR_STATUS,CFO_STATUS,FIN_STATUS,MGR_LAST_MODIFICATION,CFO_LAST_MODIFICATION,FIN_LAST_MODIFICATION) values (80129,50004,30004,40000,20129,to_timestamp('06-DEC-15 04.50.22.654000000 PM','DD-MON-RR HH.MI.SSXFF AM'),3,2,1,to_timestamp('06-DEC-15 04.50.22.654000000 PM','DD-MON-RR HH.MI.SSXFF AM'),to_timestamp('06-DEC-15 04.50.22.654000000 PM','DD-MON-RR HH.MI.SSXFF AM'),to_timestamp('06-DEC-15 04.50.22.654000000 PM','DD-MON-RR HH.MI.SSXFF AM'));
Insert into TRAVEL_DOCUMENT (TRAVEL_DOCUMENT_ID,CLIENT_ID,PROJECT_ID,AGENT_ID,EMPLOYEE_ID,CREATED_DATE,MGR_STATUS,CFO_STATUS,FIN_STATUS,MGR_LAST_MODIFICATION,CFO_LAST_MODIFICATION,FIN_LAST_MODIFICATION) values (80130,50005,30005,40002,20130,to_timestamp('06-DEC-15 04.50.22.654000000 PM','DD-MON-RR HH.MI.SSXFF AM'),3,2,1,to_timestamp('06-DEC-15 04.50.22.654000000 PM','DD-MON-RR HH.MI.SSXFF AM'),to_timestamp('06-DEC-15 04.50.22.654000000 PM','DD-MON-RR HH.MI.SSXFF AM'),to_timestamp('06-DEC-15 04.50.22.654000000 PM','DD-MON-RR HH.MI.SSXFF AM'));
Insert into TRAVEL_DOCUMENT (TRAVEL_DOCUMENT_ID,CLIENT_ID,PROJECT_ID,AGENT_ID,EMPLOYEE_ID,CREATED_DATE,MGR_STATUS,CFO_STATUS,FIN_STATUS,MGR_LAST_MODIFICATION,CFO_LAST_MODIFICATION,FIN_LAST_MODIFICATION) values (80131,50006,30006,40000,20131,to_timestamp('06-DEC-15 04.50.22.654000000 PM','DD-MON-RR HH.MI.SSXFF AM'),3,3,2,to_timestamp('06-DEC-15 04.50.22.654000000 PM','DD-MON-RR HH.MI.SSXFF AM'),to_timestamp('06-DEC-15 04.50.22.654000000 PM','DD-MON-RR HH.MI.SSXFF AM'),to_timestamp('06-DEC-15 04.50.22.654000000 PM','DD-MON-RR HH.MI.SSXFF AM'));
Insert into TRAVEL_DOCUMENT (TRAVEL_DOCUMENT_ID,CLIENT_ID,PROJECT_ID,AGENT_ID,EMPLOYEE_ID,CREATED_DATE,MGR_STATUS,CFO_STATUS,FIN_STATUS,MGR_LAST_MODIFICATION,CFO_LAST_MODIFICATION,FIN_LAST_MODIFICATION) values (80132,50007,30007,40001,20132,to_timestamp('06-DEC-15 04.50.22.654000000 PM','DD-MON-RR HH.MI.SSXFF AM'),3,3,2,to_timestamp('06-DEC-15 04.50.22.654000000 PM','DD-MON-RR HH.MI.SSXFF AM'),to_timestamp('06-DEC-15 04.50.22.654000000 PM','DD-MON-RR HH.MI.SSXFF AM'),to_timestamp('06-DEC-15 04.50.22.654000000 PM','DD-MON-RR HH.MI.SSXFF AM'));
Insert into TRAVEL_DOCUMENT (TRAVEL_DOCUMENT_ID,CLIENT_ID,PROJECT_ID,AGENT_ID,EMPLOYEE_ID,CREATED_DATE,MGR_STATUS,CFO_STATUS,FIN_STATUS,MGR_LAST_MODIFICATION,CFO_LAST_MODIFICATION,FIN_LAST_MODIFICATION) values (80133,50008,30003,40002,20133,to_timestamp('06-DEC-15 04.50.22.654000000 PM','DD-MON-RR HH.MI.SSXFF AM'),3,3,3,to_timestamp('06-DEC-15 04.50.22.654000000 PM','DD-MON-RR HH.MI.SSXFF AM'),to_timestamp('06-DEC-15 04.50.22.654000000 PM','DD-MON-RR HH.MI.SSXFF AM'),to_timestamp('06-DEC-15 04.50.22.654000000 PM','DD-MON-RR HH.MI.SSXFF AM'));
Insert into TRAVEL_DOCUMENT (TRAVEL_DOCUMENT_ID,CLIENT_ID,PROJECT_ID,AGENT_ID,EMPLOYEE_ID,CREATED_DATE,MGR_STATUS,CFO_STATUS,FIN_STATUS,MGR_LAST_MODIFICATION,CFO_LAST_MODIFICATION,FIN_LAST_MODIFICATION) values (80134,50009,30004,40003,20134,to_timestamp('06-DEC-15 04.50.22.654000000 PM','DD-MON-RR HH.MI.SSXFF AM'),3,3,3,to_timestamp('06-DEC-15 04.50.22.654000000 PM','DD-MON-RR HH.MI.SSXFF AM'),to_timestamp('06-DEC-15 04.50.22.654000000 PM','DD-MON-RR HH.MI.SSXFF AM'),to_timestamp('06-DEC-15 04.50.22.654000000 PM','DD-MON-RR HH.MI.SSXFF AM'));
Insert into TRAVEL_DOCUMENT (TRAVEL_DOCUMENT_ID,CLIENT_ID,PROJECT_ID,AGENT_ID,EMPLOYEE_ID,CREATED_DATE,MGR_STATUS,CFO_STATUS,FIN_STATUS,MGR_LAST_MODIFICATION,CFO_LAST_MODIFICATION,FIN_LAST_MODIFICATION) values (80135,50000,30005,40000,20135,to_timestamp('06-DEC-15 04.50.22.654000000 PM','DD-MON-RR HH.MI.SSXFF AM'),2,1,1,to_timestamp('06-DEC-15 04.50.22.654000000 PM','DD-MON-RR HH.MI.SSXFF AM'),to_timestamp('06-DEC-15 04.50.22.654000000 PM','DD-MON-RR HH.MI.SSXFF AM'),to_timestamp('06-DEC-15 04.50.22.654000000 PM','DD-MON-RR HH.MI.SSXFF AM'));
Insert into TRAVEL_DOCUMENT (TRAVEL_DOCUMENT_ID,CLIENT_ID,PROJECT_ID,AGENT_ID,EMPLOYEE_ID,CREATED_DATE,MGR_STATUS,CFO_STATUS,FIN_STATUS,MGR_LAST_MODIFICATION,CFO_LAST_MODIFICATION,FIN_LAST_MODIFICATION) values (80136,50001,30006,40001,20136,to_timestamp('06-DEC-15 04.50.22.654000000 PM','DD-MON-RR HH.MI.SSXFF AM'),2,1,1,to_timestamp('06-DEC-15 04.50.22.654000000 PM','DD-MON-RR HH.MI.SSXFF AM'),to_timestamp('06-DEC-15 04.50.22.654000000 PM','DD-MON-RR HH.MI.SSXFF AM'),to_timestamp('06-DEC-15 04.50.22.654000000 PM','DD-MON-RR HH.MI.SSXFF AM'));
Insert into TRAVEL_DOCUMENT (TRAVEL_DOCUMENT_ID,CLIENT_ID,PROJECT_ID,AGENT_ID,EMPLOYEE_ID,CREATED_DATE,MGR_STATUS,CFO_STATUS,FIN_STATUS,MGR_LAST_MODIFICATION,CFO_LAST_MODIFICATION,FIN_LAST_MODIFICATION) values (80137,50002,30007,40000,20137,to_timestamp('06-DEC-15 04.50.22.654000000 PM','DD-MON-RR HH.MI.SSXFF AM'),3,2,1,to_timestamp('06-DEC-15 04.50.22.654000000 PM','DD-MON-RR HH.MI.SSXFF AM'),to_timestamp('06-DEC-15 04.50.22.654000000 PM','DD-MON-RR HH.MI.SSXFF AM'),to_timestamp('06-DEC-15 04.50.22.654000000 PM','DD-MON-RR HH.MI.SSXFF AM'));
Insert into TRAVEL_DOCUMENT (TRAVEL_DOCUMENT_ID,CLIENT_ID,PROJECT_ID,AGENT_ID,EMPLOYEE_ID,CREATED_DATE,MGR_STATUS,CFO_STATUS,FIN_STATUS,MGR_LAST_MODIFICATION,CFO_LAST_MODIFICATION,FIN_LAST_MODIFICATION) values (80138,50003,30000,40001,20138,to_timestamp('06-DEC-15 04.50.22.654000000 PM','DD-MON-RR HH.MI.SSXFF AM'),3,3,2,to_timestamp('06-DEC-15 04.50.22.654000000 PM','DD-MON-RR HH.MI.SSXFF AM'),to_timestamp('06-DEC-15 04.50.22.654000000 PM','DD-MON-RR HH.MI.SSXFF AM'),to_timestamp('06-DEC-15 04.50.22.654000000 PM','DD-MON-RR HH.MI.SSXFF AM'));
Insert into TRAVEL_DOCUMENT (TRAVEL_DOCUMENT_ID,CLIENT_ID,PROJECT_ID,AGENT_ID,EMPLOYEE_ID,CREATED_DATE,MGR_STATUS,CFO_STATUS,FIN_STATUS,MGR_LAST_MODIFICATION,CFO_LAST_MODIFICATION,FIN_LAST_MODIFICATION) values (80139,50004,30001,40002,20139,to_timestamp('06-DEC-15 04.50.22.654000000 PM','DD-MON-RR HH.MI.SSXFF AM'),3,3,3,to_timestamp('06-DEC-15 04.50.22.654000000 PM','DD-MON-RR HH.MI.SSXFF AM'),to_timestamp('06-DEC-15 04.50.22.654000000 PM','DD-MON-RR HH.MI.SSXFF AM'),to_timestamp('06-DEC-15 04.50.22.654000000 PM','DD-MON-RR HH.MI.SSXFF AM'));
Insert into TRAVEL_DOCUMENT (TRAVEL_DOCUMENT_ID,CLIENT_ID,PROJECT_ID,AGENT_ID,EMPLOYEE_ID,CREATED_DATE,MGR_STATUS,CFO_STATUS,FIN_STATUS,MGR_LAST_MODIFICATION,CFO_LAST_MODIFICATION,FIN_LAST_MODIFICATION) values (80140,50005,30002,40000,20140,to_timestamp('06-DEC-15 04.50.22.654000000 PM','DD-MON-RR HH.MI.SSXFF AM'),3,3,3,to_timestamp('06-DEC-15 04.50.22.654000000 PM','DD-MON-RR HH.MI.SSXFF AM'),to_timestamp('06-DEC-15 04.50.22.654000000 PM','DD-MON-RR HH.MI.SSXFF AM'),to_timestamp('06-DEC-15 04.50.22.654000000 PM','DD-MON-RR HH.MI.SSXFF AM'));
Insert into TRAVEL_DOCUMENT (TRAVEL_DOCUMENT_ID,CLIENT_ID,PROJECT_ID,AGENT_ID,EMPLOYEE_ID,CREATED_DATE,MGR_STATUS,CFO_STATUS,FIN_STATUS,MGR_LAST_MODIFICATION,CFO_LAST_MODIFICATION,FIN_LAST_MODIFICATION) values (80141,50006,30003,40001,20141,to_timestamp('06-DEC-15 04.50.22.654000000 PM','DD-MON-RR HH.MI.SSXFF AM'),2,1,1,to_timestamp('06-DEC-15 04.50.22.654000000 PM','DD-MON-RR HH.MI.SSXFF AM'),to_timestamp('06-DEC-15 04.50.22.654000000 PM','DD-MON-RR HH.MI.SSXFF AM'),to_timestamp('06-DEC-15 04.50.22.654000000 PM','DD-MON-RR HH.MI.SSXFF AM'));
Insert into TRAVEL_DOCUMENT (TRAVEL_DOCUMENT_ID,CLIENT_ID,PROJECT_ID,AGENT_ID,EMPLOYEE_ID,CREATED_DATE,MGR_STATUS,CFO_STATUS,FIN_STATUS,MGR_LAST_MODIFICATION,CFO_LAST_MODIFICATION,FIN_LAST_MODIFICATION) values (80142,50007,30004,40002,20142,to_timestamp('06-DEC-15 04.50.22.654000000 PM','DD-MON-RR HH.MI.SSXFF AM'),1,1,1,to_timestamp('06-DEC-15 04.50.22.654000000 PM','DD-MON-RR HH.MI.SSXFF AM'),to_timestamp('06-DEC-15 04.50.22.654000000 PM','DD-MON-RR HH.MI.SSXFF AM'),to_timestamp('06-DEC-15 04.50.22.654000000 PM','DD-MON-RR HH.MI.SSXFF AM'));
Insert into TRAVEL_DOCUMENT (TRAVEL_DOCUMENT_ID,CLIENT_ID,PROJECT_ID,AGENT_ID,EMPLOYEE_ID,CREATED_DATE,MGR_STATUS,CFO_STATUS,FIN_STATUS,MGR_LAST_MODIFICATION,CFO_LAST_MODIFICATION,FIN_LAST_MODIFICATION) values (80143,50008,30003,40003,20143,to_timestamp('06-DEC-15 04.50.22.654000000 PM','DD-MON-RR HH.MI.SSXFF AM'),1,1,1,to_timestamp('06-DEC-15 04.50.22.654000000 PM','DD-MON-RR HH.MI.SSXFF AM'),to_timestamp('06-DEC-15 04.50.22.654000000 PM','DD-MON-RR HH.MI.SSXFF AM'),to_timestamp('06-DEC-15 04.50.22.654000000 PM','DD-MON-RR HH.MI.SSXFF AM'));
Insert into TRAVEL_DOCUMENT (TRAVEL_DOCUMENT_ID,CLIENT_ID,PROJECT_ID,AGENT_ID,EMPLOYEE_ID,CREATED_DATE,MGR_STATUS,CFO_STATUS,FIN_STATUS,MGR_LAST_MODIFICATION,CFO_LAST_MODIFICATION,FIN_LAST_MODIFICATION) values (80144,50000,30004,40000,20144,to_timestamp('06-DEC-15 04.50.22.654000000 PM','DD-MON-RR HH.MI.SSXFF AM'),3,1,1,to_timestamp('06-DEC-15 04.50.22.654000000 PM','DD-MON-RR HH.MI.SSXFF AM'),to_timestamp('06-DEC-15 04.50.22.654000000 PM','DD-MON-RR HH.MI.SSXFF AM'),to_timestamp('06-DEC-15 04.50.22.654000000 PM','DD-MON-RR HH.MI.SSXFF AM'));
Insert into TRAVEL_DOCUMENT (TRAVEL_DOCUMENT_ID,CLIENT_ID,PROJECT_ID,AGENT_ID,EMPLOYEE_ID,CREATED_DATE,MGR_STATUS,CFO_STATUS,FIN_STATUS,MGR_LAST_MODIFICATION,CFO_LAST_MODIFICATION,FIN_LAST_MODIFICATION) values (80145,50001,30005,40001,20145,to_timestamp('06-DEC-15 04.50.22.654000000 PM','DD-MON-RR HH.MI.SSXFF AM'),3,3,3,to_timestamp('06-DEC-15 04.50.22.654000000 PM','DD-MON-RR HH.MI.SSXFF AM'),to_timestamp('06-DEC-15 04.50.22.654000000 PM','DD-MON-RR HH.MI.SSXFF AM'),to_timestamp('06-DEC-15 04.50.22.654000000 PM','DD-MON-RR HH.MI.SSXFF AM'));
Insert into TRAVEL_DOCUMENT (TRAVEL_DOCUMENT_ID,CLIENT_ID,PROJECT_ID,AGENT_ID,EMPLOYEE_ID,CREATED_DATE,MGR_STATUS,CFO_STATUS,FIN_STATUS,MGR_LAST_MODIFICATION,CFO_LAST_MODIFICATION,FIN_LAST_MODIFICATION) values (80146,50002,30006,40000,20146,to_timestamp('06-DEC-15 04.50.22.654000000 PM','DD-MON-RR HH.MI.SSXFF AM'),3,2,1,to_timestamp('06-DEC-15 04.50.22.654000000 PM','DD-MON-RR HH.MI.SSXFF AM'),to_timestamp('06-DEC-15 04.50.22.654000000 PM','DD-MON-RR HH.MI.SSXFF AM'),to_timestamp('06-DEC-15 04.50.22.654000000 PM','DD-MON-RR HH.MI.SSXFF AM'));
Insert into TRAVEL_DOCUMENT (TRAVEL_DOCUMENT_ID,CLIENT_ID,PROJECT_ID,AGENT_ID,EMPLOYEE_ID,CREATED_DATE,MGR_STATUS,CFO_STATUS,FIN_STATUS,MGR_LAST_MODIFICATION,CFO_LAST_MODIFICATION,FIN_LAST_MODIFICATION) values (80147,50003,30007,40001,20147,to_timestamp('06-DEC-15 04.50.22.654000000 PM','DD-MON-RR HH.MI.SSXFF AM'),1,1,1,to_timestamp('06-DEC-15 04.50.22.654000000 PM','DD-MON-RR HH.MI.SSXFF AM'),to_timestamp('06-DEC-15 04.50.22.654000000 PM','DD-MON-RR HH.MI.SSXFF AM'),to_timestamp('06-DEC-15 04.50.22.654000000 PM','DD-MON-RR HH.MI.SSXFF AM'));
Insert into TRAVEL_DOCUMENT (TRAVEL_DOCUMENT_ID,CLIENT_ID,PROJECT_ID,AGENT_ID,EMPLOYEE_ID,CREATED_DATE,MGR_STATUS,CFO_STATUS,FIN_STATUS,MGR_LAST_MODIFICATION,CFO_LAST_MODIFICATION,FIN_LAST_MODIFICATION) values (80148,50004,30000,40002,20148,to_timestamp('06-DEC-15 04.50.22.654000000 PM','DD-MON-RR HH.MI.SSXFF AM'),1,1,1,to_timestamp('06-DEC-15 04.50.22.654000000 PM','DD-MON-RR HH.MI.SSXFF AM'),to_timestamp('06-DEC-15 04.50.22.654000000 PM','DD-MON-RR HH.MI.SSXFF AM'),to_timestamp('06-DEC-15 04.50.22.654000000 PM','DD-MON-RR HH.MI.SSXFF AM'));
Insert into TRAVEL_DOCUMENT (TRAVEL_DOCUMENT_ID,CLIENT_ID,PROJECT_ID,AGENT_ID,EMPLOYEE_ID,CREATED_DATE,MGR_STATUS,CFO_STATUS,FIN_STATUS,MGR_LAST_MODIFICATION,CFO_LAST_MODIFICATION,FIN_LAST_MODIFICATION) values (80149,50005,30001,40003,20149,to_timestamp('06-DEC-15 04.50.22.654000000 PM','DD-MON-RR HH.MI.SSXFF AM'),3,3,2,to_timestamp('06-DEC-15 04.50.22.654000000 PM','DD-MON-RR HH.MI.SSXFF AM'),to_timestamp('06-DEC-15 04.50.22.654000000 PM','DD-MON-RR HH.MI.SSXFF AM'),to_timestamp('06-DEC-15 04.50.22.654000000 PM','DD-MON-RR HH.MI.SSXFF AM'));
Insert into TRAVEL_DOCUMENT (TRAVEL_DOCUMENT_ID,CLIENT_ID,PROJECT_ID,AGENT_ID,EMPLOYEE_ID,CREATED_DATE,MGR_STATUS,CFO_STATUS,FIN_STATUS,MGR_LAST_MODIFICATION,CFO_LAST_MODIFICATION,FIN_LAST_MODIFICATION) values (80150,50006,30002,40000,20150,to_timestamp('06-DEC-15 04.50.22.701000000 PM','DD-MON-RR HH.MI.SSXFF AM'),2,1,1,to_timestamp('06-DEC-15 04.50.22.701000000 PM','DD-MON-RR HH.MI.SSXFF AM'),to_timestamp('06-DEC-15 04.50.22.701000000 PM','DD-MON-RR HH.MI.SSXFF AM'),to_timestamp('06-DEC-15 04.50.22.701000000 PM','DD-MON-RR HH.MI.SSXFF AM'));
Insert into TRAVEL_DOCUMENT (TRAVEL_DOCUMENT_ID,CLIENT_ID,PROJECT_ID,AGENT_ID,EMPLOYEE_ID,CREATED_DATE,MGR_STATUS,CFO_STATUS,FIN_STATUS,MGR_LAST_MODIFICATION,CFO_LAST_MODIFICATION,FIN_LAST_MODIFICATION) values (80151,50007,30003,40001,20151,to_timestamp('06-DEC-15 04.50.22.701000000 PM','DD-MON-RR HH.MI.SSXFF AM'),2,1,1,to_timestamp('06-DEC-15 04.50.22.701000000 PM','DD-MON-RR HH.MI.SSXFF AM'),to_timestamp('06-DEC-15 04.50.22.701000000 PM','DD-MON-RR HH.MI.SSXFF AM'),to_timestamp('06-DEC-15 04.50.22.701000000 PM','DD-MON-RR HH.MI.SSXFF AM'));
Insert into TRAVEL_DOCUMENT (TRAVEL_DOCUMENT_ID,CLIENT_ID,PROJECT_ID,AGENT_ID,EMPLOYEE_ID,CREATED_DATE,MGR_STATUS,CFO_STATUS,FIN_STATUS,MGR_LAST_MODIFICATION,CFO_LAST_MODIFICATION,FIN_LAST_MODIFICATION) values (80152,50008,30004,40002,20152,to_timestamp('06-DEC-15 04.50.22.701000000 PM','DD-MON-RR HH.MI.SSXFF AM'),3,3,2,to_timestamp('06-DEC-15 04.50.22.701000000 PM','DD-MON-RR HH.MI.SSXFF AM'),to_timestamp('06-DEC-15 04.50.22.701000000 PM','DD-MON-RR HH.MI.SSXFF AM'),to_timestamp('06-DEC-15 04.50.22.701000000 PM','DD-MON-RR HH.MI.SSXFF AM'));
Insert into TRAVEL_DOCUMENT (TRAVEL_DOCUMENT_ID,CLIENT_ID,PROJECT_ID,AGENT_ID,EMPLOYEE_ID,CREATED_DATE,MGR_STATUS,CFO_STATUS,FIN_STATUS,MGR_LAST_MODIFICATION,CFO_LAST_MODIFICATION,FIN_LAST_MODIFICATION) values (80153,50009,30003,40000,20153,to_timestamp('06-DEC-15 04.50.22.701000000 PM','DD-MON-RR HH.MI.SSXFF AM'),3,2,1,to_timestamp('06-DEC-15 04.50.22.701000000 PM','DD-MON-RR HH.MI.SSXFF AM'),to_timestamp('06-DEC-15 04.50.22.701000000 PM','DD-MON-RR HH.MI.SSXFF AM'),to_timestamp('06-DEC-15 04.50.22.701000000 PM','DD-MON-RR HH.MI.SSXFF AM'));
Insert into TRAVEL_DOCUMENT (TRAVEL_DOCUMENT_ID,CLIENT_ID,PROJECT_ID,AGENT_ID,EMPLOYEE_ID,CREATED_DATE,MGR_STATUS,CFO_STATUS,FIN_STATUS,MGR_LAST_MODIFICATION,CFO_LAST_MODIFICATION,FIN_LAST_MODIFICATION) values (80154,50000,30004,40001,20154,to_timestamp('06-DEC-15 04.50.22.701000000 PM','DD-MON-RR HH.MI.SSXFF AM'),3,1,1,to_timestamp('06-DEC-15 04.50.22.701000000 PM','DD-MON-RR HH.MI.SSXFF AM'),to_timestamp('06-DEC-15 04.50.22.701000000 PM','DD-MON-RR HH.MI.SSXFF AM'),to_timestamp('06-DEC-15 04.50.22.701000000 PM','DD-MON-RR HH.MI.SSXFF AM'));
Insert into TRAVEL_DOCUMENT (TRAVEL_DOCUMENT_ID,CLIENT_ID,PROJECT_ID,AGENT_ID,EMPLOYEE_ID,CREATED_DATE,MGR_STATUS,CFO_STATUS,FIN_STATUS,MGR_LAST_MODIFICATION,CFO_LAST_MODIFICATION,FIN_LAST_MODIFICATION) values (80155,50001,30005,40002,20155,to_timestamp('06-DEC-15 04.50.22.701000000 PM','DD-MON-RR HH.MI.SSXFF AM'),2,1,1,to_timestamp('06-DEC-15 04.50.22.701000000 PM','DD-MON-RR HH.MI.SSXFF AM'),to_timestamp('06-DEC-15 04.50.22.701000000 PM','DD-MON-RR HH.MI.SSXFF AM'),to_timestamp('06-DEC-15 04.50.22.701000000 PM','DD-MON-RR HH.MI.SSXFF AM'));
Insert into TRAVEL_DOCUMENT (TRAVEL_DOCUMENT_ID,CLIENT_ID,PROJECT_ID,AGENT_ID,EMPLOYEE_ID,CREATED_DATE,MGR_STATUS,CFO_STATUS,FIN_STATUS,MGR_LAST_MODIFICATION,CFO_LAST_MODIFICATION,FIN_LAST_MODIFICATION) values (80156,50002,30006,40003,20156,to_timestamp('06-DEC-15 04.50.22.701000000 PM','DD-MON-RR HH.MI.SSXFF AM'),3,3,3,to_timestamp('06-DEC-15 04.50.22.701000000 PM','DD-MON-RR HH.MI.SSXFF AM'),to_timestamp('06-DEC-15 04.50.22.701000000 PM','DD-MON-RR HH.MI.SSXFF AM'),to_timestamp('06-DEC-15 04.50.22.701000000 PM','DD-MON-RR HH.MI.SSXFF AM'));
Insert into TRAVEL_DOCUMENT (TRAVEL_DOCUMENT_ID,CLIENT_ID,PROJECT_ID,AGENT_ID,EMPLOYEE_ID,CREATED_DATE,MGR_STATUS,CFO_STATUS,FIN_STATUS,MGR_LAST_MODIFICATION,CFO_LAST_MODIFICATION,FIN_LAST_MODIFICATION) values (80157,50003,30007,40000,20157,to_timestamp('06-DEC-15 04.50.22.701000000 PM','DD-MON-RR HH.MI.SSXFF AM'),3,3,2,to_timestamp('06-DEC-15 04.50.22.701000000 PM','DD-MON-RR HH.MI.SSXFF AM'),to_timestamp('06-DEC-15 04.50.22.701000000 PM','DD-MON-RR HH.MI.SSXFF AM'),to_timestamp('06-DEC-15 04.50.22.701000000 PM','DD-MON-RR HH.MI.SSXFF AM'));
Insert into TRAVEL_DOCUMENT (TRAVEL_DOCUMENT_ID,CLIENT_ID,PROJECT_ID,AGENT_ID,EMPLOYEE_ID,CREATED_DATE,MGR_STATUS,CFO_STATUS,FIN_STATUS,MGR_LAST_MODIFICATION,CFO_LAST_MODIFICATION,FIN_LAST_MODIFICATION) values (80158,50004,30000,40001,20158,to_timestamp('06-DEC-15 04.50.22.701000000 PM','DD-MON-RR HH.MI.SSXFF AM'),3,3,3,to_timestamp('06-DEC-15 04.50.22.701000000 PM','DD-MON-RR HH.MI.SSXFF AM'),to_timestamp('06-DEC-15 04.50.22.701000000 PM','DD-MON-RR HH.MI.SSXFF AM'),to_timestamp('06-DEC-15 04.50.22.701000000 PM','DD-MON-RR HH.MI.SSXFF AM'));
Insert into TRAVEL_DOCUMENT (TRAVEL_DOCUMENT_ID,CLIENT_ID,PROJECT_ID,AGENT_ID,EMPLOYEE_ID,CREATED_DATE,MGR_STATUS,CFO_STATUS,FIN_STATUS,MGR_LAST_MODIFICATION,CFO_LAST_MODIFICATION,FIN_LAST_MODIFICATION) values (80159,50005,30001,40000,20159,to_timestamp('06-DEC-15 04.50.22.701000000 PM','DD-MON-RR HH.MI.SSXFF AM'),3,2,1,to_timestamp('06-DEC-15 04.50.22.701000000 PM','DD-MON-RR HH.MI.SSXFF AM'),to_timestamp('06-DEC-15 04.50.22.701000000 PM','DD-MON-RR HH.MI.SSXFF AM'),to_timestamp('06-DEC-15 04.50.22.701000000 PM','DD-MON-RR HH.MI.SSXFF AM'));
Insert into TRAVEL_DOCUMENT (TRAVEL_DOCUMENT_ID,CLIENT_ID,PROJECT_ID,AGENT_ID,EMPLOYEE_ID,CREATED_DATE,MGR_STATUS,CFO_STATUS,FIN_STATUS,MGR_LAST_MODIFICATION,CFO_LAST_MODIFICATION,FIN_LAST_MODIFICATION) values (80160,50006,30002,40001,20160,to_timestamp('06-DEC-15 04.50.22.701000000 PM','DD-MON-RR HH.MI.SSXFF AM'),3,2,1,to_timestamp('06-DEC-15 04.50.22.701000000 PM','DD-MON-RR HH.MI.SSXFF AM'),to_timestamp('06-DEC-15 04.50.22.701000000 PM','DD-MON-RR HH.MI.SSXFF AM'),to_timestamp('06-DEC-15 04.50.22.701000000 PM','DD-MON-RR HH.MI.SSXFF AM'));
Insert into TRAVEL_DOCUMENT (TRAVEL_DOCUMENT_ID,CLIENT_ID,PROJECT_ID,AGENT_ID,EMPLOYEE_ID,CREATED_DATE,MGR_STATUS,CFO_STATUS,FIN_STATUS,MGR_LAST_MODIFICATION,CFO_LAST_MODIFICATION,FIN_LAST_MODIFICATION) values (80161,50007,30003,40002,20161,to_timestamp('06-DEC-15 04.50.22.701000000 PM','DD-MON-RR HH.MI.SSXFF AM'),3,3,2,to_timestamp('06-DEC-15 04.50.22.701000000 PM','DD-MON-RR HH.MI.SSXFF AM'),to_timestamp('06-DEC-15 04.50.22.701000000 PM','DD-MON-RR HH.MI.SSXFF AM'),to_timestamp('06-DEC-15 04.50.22.701000000 PM','DD-MON-RR HH.MI.SSXFF AM'));
Insert into TRAVEL_DOCUMENT (TRAVEL_DOCUMENT_ID,CLIENT_ID,PROJECT_ID,AGENT_ID,EMPLOYEE_ID,CREATED_DATE,MGR_STATUS,CFO_STATUS,FIN_STATUS,MGR_LAST_MODIFICATION,CFO_LAST_MODIFICATION,FIN_LAST_MODIFICATION) values (80162,50008,30003,40001,20162,to_timestamp('06-DEC-15 04.50.22.701000000 PM','DD-MON-RR HH.MI.SSXFF AM'),3,3,2,to_timestamp('06-DEC-15 04.50.22.701000000 PM','DD-MON-RR HH.MI.SSXFF AM'),to_timestamp('06-DEC-15 04.50.22.701000000 PM','DD-MON-RR HH.MI.SSXFF AM'),to_timestamp('06-DEC-15 04.50.22.701000000 PM','DD-MON-RR HH.MI.SSXFF AM'));
Insert into TRAVEL_DOCUMENT (TRAVEL_DOCUMENT_ID,CLIENT_ID,PROJECT_ID,AGENT_ID,EMPLOYEE_ID,CREATED_DATE,MGR_STATUS,CFO_STATUS,FIN_STATUS,MGR_LAST_MODIFICATION,CFO_LAST_MODIFICATION,FIN_LAST_MODIFICATION) values (80163,50000,30004,40002,20163,to_timestamp('06-DEC-15 04.50.22.701000000 PM','DD-MON-RR HH.MI.SSXFF AM'),3,3,3,to_timestamp('06-DEC-15 04.50.22.701000000 PM','DD-MON-RR HH.MI.SSXFF AM'),to_timestamp('06-DEC-15 04.50.22.701000000 PM','DD-MON-RR HH.MI.SSXFF AM'),to_timestamp('06-DEC-15 04.50.22.701000000 PM','DD-MON-RR HH.MI.SSXFF AM'));
Insert into TRAVEL_DOCUMENT (TRAVEL_DOCUMENT_ID,CLIENT_ID,PROJECT_ID,AGENT_ID,EMPLOYEE_ID,CREATED_DATE,MGR_STATUS,CFO_STATUS,FIN_STATUS,MGR_LAST_MODIFICATION,CFO_LAST_MODIFICATION,FIN_LAST_MODIFICATION) values (80164,50000,30003,40000,20164,to_timestamp('06-DEC-15 04.50.22.701000000 PM','DD-MON-RR HH.MI.SSXFF AM'),3,3,3,to_timestamp('06-DEC-15 04.50.22.701000000 PM','DD-MON-RR HH.MI.SSXFF AM'),to_timestamp('06-DEC-15 04.50.22.701000000 PM','DD-MON-RR HH.MI.SSXFF AM'),to_timestamp('06-DEC-15 04.50.22.701000000 PM','DD-MON-RR HH.MI.SSXFF AM'));
Insert into TRAVEL_DOCUMENT (TRAVEL_DOCUMENT_ID,CLIENT_ID,PROJECT_ID,AGENT_ID,EMPLOYEE_ID,CREATED_DATE,MGR_STATUS,CFO_STATUS,FIN_STATUS,MGR_LAST_MODIFICATION,CFO_LAST_MODIFICATION,FIN_LAST_MODIFICATION) values (80165,50001,30004,40000,20165,to_timestamp('06-DEC-15 04.50.22.701000000 PM','DD-MON-RR HH.MI.SSXFF AM'),2,1,1,to_timestamp('06-DEC-15 04.50.22.701000000 PM','DD-MON-RR HH.MI.SSXFF AM'),to_timestamp('06-DEC-15 04.50.22.701000000 PM','DD-MON-RR HH.MI.SSXFF AM'),to_timestamp('06-DEC-15 04.50.22.701000000 PM','DD-MON-RR HH.MI.SSXFF AM'));
Insert into TRAVEL_DOCUMENT (TRAVEL_DOCUMENT_ID,CLIENT_ID,PROJECT_ID,AGENT_ID,EMPLOYEE_ID,CREATED_DATE,MGR_STATUS,CFO_STATUS,FIN_STATUS,MGR_LAST_MODIFICATION,CFO_LAST_MODIFICATION,FIN_LAST_MODIFICATION) values (80166,50002,30005,40001,20166,to_timestamp('06-DEC-15 04.50.22.701000000 PM','DD-MON-RR HH.MI.SSXFF AM'),2,1,1,to_timestamp('06-DEC-15 04.50.22.701000000 PM','DD-MON-RR HH.MI.SSXFF AM'),to_timestamp('06-DEC-15 04.50.22.701000000 PM','DD-MON-RR HH.MI.SSXFF AM'),to_timestamp('06-DEC-15 04.50.22.701000000 PM','DD-MON-RR HH.MI.SSXFF AM'));
Insert into TRAVEL_DOCUMENT (TRAVEL_DOCUMENT_ID,CLIENT_ID,PROJECT_ID,AGENT_ID,EMPLOYEE_ID,CREATED_DATE,MGR_STATUS,CFO_STATUS,FIN_STATUS,MGR_LAST_MODIFICATION,CFO_LAST_MODIFICATION,FIN_LAST_MODIFICATION) values (80167,50003,30006,40002,20167,to_timestamp('06-DEC-15 04.50.22.701000000 PM','DD-MON-RR HH.MI.SSXFF AM'),3,2,1,to_timestamp('06-DEC-15 04.50.22.701000000 PM','DD-MON-RR HH.MI.SSXFF AM'),to_timestamp('06-DEC-15 04.50.22.701000000 PM','DD-MON-RR HH.MI.SSXFF AM'),to_timestamp('06-DEC-15 04.50.22.701000000 PM','DD-MON-RR HH.MI.SSXFF AM'));
Insert into TRAVEL_DOCUMENT (TRAVEL_DOCUMENT_ID,CLIENT_ID,PROJECT_ID,AGENT_ID,EMPLOYEE_ID,CREATED_DATE,MGR_STATUS,CFO_STATUS,FIN_STATUS,MGR_LAST_MODIFICATION,CFO_LAST_MODIFICATION,FIN_LAST_MODIFICATION) values (80168,50004,30007,40001,20168,to_timestamp('06-DEC-15 04.50.22.701000000 PM','DD-MON-RR HH.MI.SSXFF AM'),3,3,2,to_timestamp('06-DEC-15 04.50.22.701000000 PM','DD-MON-RR HH.MI.SSXFF AM'),to_timestamp('06-DEC-15 04.50.22.701000000 PM','DD-MON-RR HH.MI.SSXFF AM'),to_timestamp('06-DEC-15 04.50.22.701000000 PM','DD-MON-RR HH.MI.SSXFF AM'));
Insert into TRAVEL_DOCUMENT (TRAVEL_DOCUMENT_ID,CLIENT_ID,PROJECT_ID,AGENT_ID,EMPLOYEE_ID,CREATED_DATE,MGR_STATUS,CFO_STATUS,FIN_STATUS,MGR_LAST_MODIFICATION,CFO_LAST_MODIFICATION,FIN_LAST_MODIFICATION) values (80169,50005,30000,40002,20169,to_timestamp('06-DEC-15 04.50.22.701000000 PM','DD-MON-RR HH.MI.SSXFF AM'),3,3,3,to_timestamp('06-DEC-15 04.50.22.701000000 PM','DD-MON-RR HH.MI.SSXFF AM'),to_timestamp('06-DEC-15 04.50.22.701000000 PM','DD-MON-RR HH.MI.SSXFF AM'),to_timestamp('06-DEC-15 04.50.22.701000000 PM','DD-MON-RR HH.MI.SSXFF AM'));
Insert into TRAVEL_DOCUMENT (TRAVEL_DOCUMENT_ID,CLIENT_ID,PROJECT_ID,AGENT_ID,EMPLOYEE_ID,CREATED_DATE,MGR_STATUS,CFO_STATUS,FIN_STATUS,MGR_LAST_MODIFICATION,CFO_LAST_MODIFICATION,FIN_LAST_MODIFICATION) values (80170,50006,30001,40000,20170,to_timestamp('06-DEC-15 04.50.22.701000000 PM','DD-MON-RR HH.MI.SSXFF AM'),3,3,3,to_timestamp('06-DEC-15 04.50.22.701000000 PM','DD-MON-RR HH.MI.SSXFF AM'),to_timestamp('06-DEC-15 04.50.22.701000000 PM','DD-MON-RR HH.MI.SSXFF AM'),to_timestamp('06-DEC-15 04.50.22.701000000 PM','DD-MON-RR HH.MI.SSXFF AM'));
Insert into TRAVEL_DOCUMENT (TRAVEL_DOCUMENT_ID,CLIENT_ID,PROJECT_ID,AGENT_ID,EMPLOYEE_ID,CREATED_DATE,MGR_STATUS,CFO_STATUS,FIN_STATUS,MGR_LAST_MODIFICATION,CFO_LAST_MODIFICATION,FIN_LAST_MODIFICATION) values (80171,50007,30000,40001,20171,to_timestamp('06-DEC-15 04.50.22.701000000 PM','DD-MON-RR HH.MI.SSXFF AM'),2,1,1,to_timestamp('06-DEC-15 04.50.22.701000000 PM','DD-MON-RR HH.MI.SSXFF AM'),to_timestamp('06-DEC-15 04.50.22.701000000 PM','DD-MON-RR HH.MI.SSXFF AM'),to_timestamp('06-DEC-15 04.50.22.701000000 PM','DD-MON-RR HH.MI.SSXFF AM'));
Insert into TRAVEL_DOCUMENT (TRAVEL_DOCUMENT_ID,CLIENT_ID,PROJECT_ID,AGENT_ID,EMPLOYEE_ID,CREATED_DATE,MGR_STATUS,CFO_STATUS,FIN_STATUS,MGR_LAST_MODIFICATION,CFO_LAST_MODIFICATION,FIN_LAST_MODIFICATION) values (80172,50008,30001,40002,20172,to_timestamp('06-DEC-15 04.50.22.701000000 PM','DD-MON-RR HH.MI.SSXFF AM'),1,1,1,to_timestamp('06-DEC-15 04.50.22.701000000 PM','DD-MON-RR HH.MI.SSXFF AM'),to_timestamp('06-DEC-15 04.50.22.701000000 PM','DD-MON-RR HH.MI.SSXFF AM'),to_timestamp('06-DEC-15 04.50.22.701000000 PM','DD-MON-RR HH.MI.SSXFF AM'));
Insert into TRAVEL_DOCUMENT (TRAVEL_DOCUMENT_ID,CLIENT_ID,PROJECT_ID,AGENT_ID,EMPLOYEE_ID,CREATED_DATE,MGR_STATUS,CFO_STATUS,FIN_STATUS,MGR_LAST_MODIFICATION,CFO_LAST_MODIFICATION,FIN_LAST_MODIFICATION) values (80173,50009,30002,40003,20173,to_timestamp('06-DEC-15 04.50.22.701000000 PM','DD-MON-RR HH.MI.SSXFF AM'),1,1,1,to_timestamp('06-DEC-15 04.50.22.701000000 PM','DD-MON-RR HH.MI.SSXFF AM'),to_timestamp('06-DEC-15 04.50.22.701000000 PM','DD-MON-RR HH.MI.SSXFF AM'),to_timestamp('06-DEC-15 04.50.22.701000000 PM','DD-MON-RR HH.MI.SSXFF AM'));
Insert into TRAVEL_DOCUMENT (TRAVEL_DOCUMENT_ID,CLIENT_ID,PROJECT_ID,AGENT_ID,EMPLOYEE_ID,CREATED_DATE,MGR_STATUS,CFO_STATUS,FIN_STATUS,MGR_LAST_MODIFICATION,CFO_LAST_MODIFICATION,FIN_LAST_MODIFICATION) values (80174,50000,30000,40000,20174,to_timestamp('06-DEC-15 04.50.22.701000000 PM','DD-MON-RR HH.MI.SSXFF AM'),3,1,1,to_timestamp('06-DEC-15 04.50.22.701000000 PM','DD-MON-RR HH.MI.SSXFF AM'),to_timestamp('06-DEC-15 04.50.22.701000000 PM','DD-MON-RR HH.MI.SSXFF AM'),to_timestamp('06-DEC-15 04.50.22.701000000 PM','DD-MON-RR HH.MI.SSXFF AM'));
Insert into TRAVEL_DOCUMENT (TRAVEL_DOCUMENT_ID,CLIENT_ID,PROJECT_ID,AGENT_ID,EMPLOYEE_ID,CREATED_DATE,MGR_STATUS,CFO_STATUS,FIN_STATUS,MGR_LAST_MODIFICATION,CFO_LAST_MODIFICATION,FIN_LAST_MODIFICATION) values (80175,50001,30001,40001,20175,to_timestamp('06-DEC-15 04.50.22.701000000 PM','DD-MON-RR HH.MI.SSXFF AM'),3,3,3,to_timestamp('06-DEC-15 04.50.22.701000000 PM','DD-MON-RR HH.MI.SSXFF AM'),to_timestamp('06-DEC-15 04.50.22.701000000 PM','DD-MON-RR HH.MI.SSXFF AM'),to_timestamp('06-DEC-15 04.50.22.701000000 PM','DD-MON-RR HH.MI.SSXFF AM'));
Insert into TRAVEL_DOCUMENT (TRAVEL_DOCUMENT_ID,CLIENT_ID,PROJECT_ID,AGENT_ID,EMPLOYEE_ID,CREATED_DATE,MGR_STATUS,CFO_STATUS,FIN_STATUS,MGR_LAST_MODIFICATION,CFO_LAST_MODIFICATION,FIN_LAST_MODIFICATION) values (80176,50002,30002,40000,20176,to_timestamp('06-DEC-15 04.50.22.701000000 PM','DD-MON-RR HH.MI.SSXFF AM'),3,2,1,to_timestamp('06-DEC-15 04.50.22.701000000 PM','DD-MON-RR HH.MI.SSXFF AM'),to_timestamp('06-DEC-15 04.50.22.701000000 PM','DD-MON-RR HH.MI.SSXFF AM'),to_timestamp('06-DEC-15 04.50.22.701000000 PM','DD-MON-RR HH.MI.SSXFF AM'));
Insert into TRAVEL_DOCUMENT (TRAVEL_DOCUMENT_ID,CLIENT_ID,PROJECT_ID,AGENT_ID,EMPLOYEE_ID,CREATED_DATE,MGR_STATUS,CFO_STATUS,FIN_STATUS,MGR_LAST_MODIFICATION,CFO_LAST_MODIFICATION,FIN_LAST_MODIFICATION) values (80177,50003,30003,40001,20177,to_timestamp('06-DEC-15 04.50.22.701000000 PM','DD-MON-RR HH.MI.SSXFF AM'),1,1,1,to_timestamp('06-DEC-15 04.50.22.701000000 PM','DD-MON-RR HH.MI.SSXFF AM'),to_timestamp('06-DEC-15 04.50.22.701000000 PM','DD-MON-RR HH.MI.SSXFF AM'),to_timestamp('06-DEC-15 04.50.22.701000000 PM','DD-MON-RR HH.MI.SSXFF AM'));
Insert into TRAVEL_DOCUMENT (TRAVEL_DOCUMENT_ID,CLIENT_ID,PROJECT_ID,AGENT_ID,EMPLOYEE_ID,CREATED_DATE,MGR_STATUS,CFO_STATUS,FIN_STATUS,MGR_LAST_MODIFICATION,CFO_LAST_MODIFICATION,FIN_LAST_MODIFICATION) values (80178,50004,30004,40002,20178,to_timestamp('06-DEC-15 04.50.22.701000000 PM','DD-MON-RR HH.MI.SSXFF AM'),1,1,1,to_timestamp('06-DEC-15 04.50.22.701000000 PM','DD-MON-RR HH.MI.SSXFF AM'),to_timestamp('06-DEC-15 04.50.22.701000000 PM','DD-MON-RR HH.MI.SSXFF AM'),to_timestamp('06-DEC-15 04.50.22.701000000 PM','DD-MON-RR HH.MI.SSXFF AM'));
Insert into TRAVEL_DOCUMENT (TRAVEL_DOCUMENT_ID,CLIENT_ID,PROJECT_ID,AGENT_ID,EMPLOYEE_ID,CREATED_DATE,MGR_STATUS,CFO_STATUS,FIN_STATUS,MGR_LAST_MODIFICATION,CFO_LAST_MODIFICATION,FIN_LAST_MODIFICATION) values (80179,50005,30005,40003,20179,to_timestamp('06-DEC-15 04.50.22.701000000 PM','DD-MON-RR HH.MI.SSXFF AM'),3,3,2,to_timestamp('06-DEC-15 04.50.22.701000000 PM','DD-MON-RR HH.MI.SSXFF AM'),to_timestamp('06-DEC-15 04.50.22.701000000 PM','DD-MON-RR HH.MI.SSXFF AM'),to_timestamp('06-DEC-15 04.50.22.701000000 PM','DD-MON-RR HH.MI.SSXFF AM'));
Insert into TRAVEL_DOCUMENT (TRAVEL_DOCUMENT_ID,CLIENT_ID,PROJECT_ID,AGENT_ID,EMPLOYEE_ID,CREATED_DATE,MGR_STATUS,CFO_STATUS,FIN_STATUS,MGR_LAST_MODIFICATION,CFO_LAST_MODIFICATION,FIN_LAST_MODIFICATION) values (80180,50006,30006,40000,20180,to_timestamp('06-DEC-15 04.50.22.701000000 PM','DD-MON-RR HH.MI.SSXFF AM'),2,1,1,to_timestamp('06-DEC-15 04.50.22.701000000 PM','DD-MON-RR HH.MI.SSXFF AM'),to_timestamp('06-DEC-15 04.50.22.701000000 PM','DD-MON-RR HH.MI.SSXFF AM'),to_timestamp('06-DEC-15 04.50.22.701000000 PM','DD-MON-RR HH.MI.SSXFF AM'));
Insert into TRAVEL_DOCUMENT (TRAVEL_DOCUMENT_ID,CLIENT_ID,PROJECT_ID,AGENT_ID,EMPLOYEE_ID,CREATED_DATE,MGR_STATUS,CFO_STATUS,FIN_STATUS,MGR_LAST_MODIFICATION,CFO_LAST_MODIFICATION,FIN_LAST_MODIFICATION) values (80181,50007,30007,40001,20181,to_timestamp('06-DEC-15 04.50.22.701000000 PM','DD-MON-RR HH.MI.SSXFF AM'),2,1,1,to_timestamp('06-DEC-15 04.50.22.701000000 PM','DD-MON-RR HH.MI.SSXFF AM'),to_timestamp('06-DEC-15 04.50.22.701000000 PM','DD-MON-RR HH.MI.SSXFF AM'),to_timestamp('06-DEC-15 04.50.22.701000000 PM','DD-MON-RR HH.MI.SSXFF AM'));
Insert into TRAVEL_DOCUMENT (TRAVEL_DOCUMENT_ID,CLIENT_ID,PROJECT_ID,AGENT_ID,EMPLOYEE_ID,CREATED_DATE,MGR_STATUS,CFO_STATUS,FIN_STATUS,MGR_LAST_MODIFICATION,CFO_LAST_MODIFICATION,FIN_LAST_MODIFICATION) values (80182,50000,30000,40002,20182,to_timestamp('06-DEC-15 04.50.22.701000000 PM','DD-MON-RR HH.MI.SSXFF AM'),3,3,2,to_timestamp('06-DEC-15 04.50.22.701000000 PM','DD-MON-RR HH.MI.SSXFF AM'),to_timestamp('06-DEC-15 04.50.22.701000000 PM','DD-MON-RR HH.MI.SSXFF AM'),to_timestamp('06-DEC-15 04.50.22.701000000 PM','DD-MON-RR HH.MI.SSXFF AM'));
Insert into TRAVEL_DOCUMENT (TRAVEL_DOCUMENT_ID,CLIENT_ID,PROJECT_ID,AGENT_ID,EMPLOYEE_ID,CREATED_DATE,MGR_STATUS,CFO_STATUS,FIN_STATUS,MGR_LAST_MODIFICATION,CFO_LAST_MODIFICATION,FIN_LAST_MODIFICATION) values (80183,50001,30001,40000,20183,to_timestamp('06-DEC-15 04.50.22.701000000 PM','DD-MON-RR HH.MI.SSXFF AM'),3,2,1,to_timestamp('06-DEC-15 04.50.22.701000000 PM','DD-MON-RR HH.MI.SSXFF AM'),to_timestamp('06-DEC-15 04.50.22.701000000 PM','DD-MON-RR HH.MI.SSXFF AM'),to_timestamp('06-DEC-15 04.50.22.701000000 PM','DD-MON-RR HH.MI.SSXFF AM'));
Insert into TRAVEL_DOCUMENT (TRAVEL_DOCUMENT_ID,CLIENT_ID,PROJECT_ID,AGENT_ID,EMPLOYEE_ID,CREATED_DATE,MGR_STATUS,CFO_STATUS,FIN_STATUS,MGR_LAST_MODIFICATION,CFO_LAST_MODIFICATION,FIN_LAST_MODIFICATION) values (80184,50002,30002,40001,20184,to_timestamp('06-DEC-15 04.50.22.701000000 PM','DD-MON-RR HH.MI.SSXFF AM'),3,1,1,to_timestamp('06-DEC-15 04.50.22.701000000 PM','DD-MON-RR HH.MI.SSXFF AM'),to_timestamp('06-DEC-15 04.50.22.701000000 PM','DD-MON-RR HH.MI.SSXFF AM'),to_timestamp('06-DEC-15 04.50.22.701000000 PM','DD-MON-RR HH.MI.SSXFF AM'));
Insert into TRAVEL_DOCUMENT (TRAVEL_DOCUMENT_ID,CLIENT_ID,PROJECT_ID,AGENT_ID,EMPLOYEE_ID,CREATED_DATE,MGR_STATUS,CFO_STATUS,FIN_STATUS,MGR_LAST_MODIFICATION,CFO_LAST_MODIFICATION,FIN_LAST_MODIFICATION) values (80185,50003,30003,40002,20185,to_timestamp('06-DEC-15 04.50.22.701000000 PM','DD-MON-RR HH.MI.SSXFF AM'),2,1,1,to_timestamp('06-DEC-15 04.50.22.701000000 PM','DD-MON-RR HH.MI.SSXFF AM'),to_timestamp('06-DEC-15 04.50.22.701000000 PM','DD-MON-RR HH.MI.SSXFF AM'),to_timestamp('06-DEC-15 04.50.22.701000000 PM','DD-MON-RR HH.MI.SSXFF AM'));
Insert into TRAVEL_DOCUMENT (TRAVEL_DOCUMENT_ID,CLIENT_ID,PROJECT_ID,AGENT_ID,EMPLOYEE_ID,CREATED_DATE,MGR_STATUS,CFO_STATUS,FIN_STATUS,MGR_LAST_MODIFICATION,CFO_LAST_MODIFICATION,FIN_LAST_MODIFICATION) values (80186,50004,30004,40003,20186,to_timestamp('06-DEC-15 04.50.22.701000000 PM','DD-MON-RR HH.MI.SSXFF AM'),3,3,3,to_timestamp('06-DEC-15 04.50.22.701000000 PM','DD-MON-RR HH.MI.SSXFF AM'),to_timestamp('06-DEC-15 04.50.22.701000000 PM','DD-MON-RR HH.MI.SSXFF AM'),to_timestamp('06-DEC-15 04.50.22.701000000 PM','DD-MON-RR HH.MI.SSXFF AM'));
Insert into TRAVEL_DOCUMENT (TRAVEL_DOCUMENT_ID,CLIENT_ID,PROJECT_ID,AGENT_ID,EMPLOYEE_ID,CREATED_DATE,MGR_STATUS,CFO_STATUS,FIN_STATUS,MGR_LAST_MODIFICATION,CFO_LAST_MODIFICATION,FIN_LAST_MODIFICATION) values (80187,50005,30005,40000,20187,to_timestamp('06-DEC-15 04.50.22.701000000 PM','DD-MON-RR HH.MI.SSXFF AM'),3,3,2,to_timestamp('06-DEC-15 04.50.22.701000000 PM','DD-MON-RR HH.MI.SSXFF AM'),to_timestamp('06-DEC-15 04.50.22.701000000 PM','DD-MON-RR HH.MI.SSXFF AM'),to_timestamp('06-DEC-15 04.50.22.701000000 PM','DD-MON-RR HH.MI.SSXFF AM'));
Insert into TRAVEL_DOCUMENT (TRAVEL_DOCUMENT_ID,CLIENT_ID,PROJECT_ID,AGENT_ID,EMPLOYEE_ID,CREATED_DATE,MGR_STATUS,CFO_STATUS,FIN_STATUS,MGR_LAST_MODIFICATION,CFO_LAST_MODIFICATION,FIN_LAST_MODIFICATION) values (80188,50006,30006,40002,20188,to_timestamp('06-DEC-15 04.50.22.701000000 PM','DD-MON-RR HH.MI.SSXFF AM'),3,3,3,to_timestamp('06-DEC-15 04.50.22.701000000 PM','DD-MON-RR HH.MI.SSXFF AM'),to_timestamp('06-DEC-15 04.50.22.701000000 PM','DD-MON-RR HH.MI.SSXFF AM'),to_timestamp('06-DEC-15 04.50.22.701000000 PM','DD-MON-RR HH.MI.SSXFF AM'));
Insert into TRAVEL_DOCUMENT (TRAVEL_DOCUMENT_ID,CLIENT_ID,PROJECT_ID,AGENT_ID,EMPLOYEE_ID,CREATED_DATE,MGR_STATUS,CFO_STATUS,FIN_STATUS,MGR_LAST_MODIFICATION,CFO_LAST_MODIFICATION,FIN_LAST_MODIFICATION) values (80189,50007,30007,40000,20189,to_timestamp('06-DEC-15 04.50.22.701000000 PM','DD-MON-RR HH.MI.SSXFF AM'),2,1,1,to_timestamp('06-DEC-15 04.50.22.701000000 PM','DD-MON-RR HH.MI.SSXFF AM'),to_timestamp('06-DEC-15 04.50.22.701000000 PM','DD-MON-RR HH.MI.SSXFF AM'),to_timestamp('06-DEC-15 04.50.22.701000000 PM','DD-MON-RR HH.MI.SSXFF AM'));
Insert into TRAVEL_DOCUMENT (TRAVEL_DOCUMENT_ID,CLIENT_ID,PROJECT_ID,AGENT_ID,EMPLOYEE_ID,CREATED_DATE,MGR_STATUS,CFO_STATUS,FIN_STATUS,MGR_LAST_MODIFICATION,CFO_LAST_MODIFICATION,FIN_LAST_MODIFICATION) values (80190,50008,30008,40001,20190,to_timestamp('06-DEC-15 04.50.22.701000000 PM','DD-MON-RR HH.MI.SSXFF AM'),1,1,1,to_timestamp('06-DEC-15 04.50.22.701000000 PM','DD-MON-RR HH.MI.SSXFF AM'),to_timestamp('06-DEC-15 04.50.22.701000000 PM','DD-MON-RR HH.MI.SSXFF AM'),to_timestamp('06-DEC-15 04.50.22.701000000 PM','DD-MON-RR HH.MI.SSXFF AM'));
Insert into TRAVEL_DOCUMENT (TRAVEL_DOCUMENT_ID,CLIENT_ID,PROJECT_ID,AGENT_ID,EMPLOYEE_ID,CREATED_DATE,MGR_STATUS,CFO_STATUS,FIN_STATUS,MGR_LAST_MODIFICATION,CFO_LAST_MODIFICATION,FIN_LAST_MODIFICATION) values (80191,50009,30009,40002,20191,to_timestamp('06-DEC-15 04.50.22.701000000 PM','DD-MON-RR HH.MI.SSXFF AM'),3,3,2,to_timestamp('06-DEC-15 04.50.22.701000000 PM','DD-MON-RR HH.MI.SSXFF AM'),to_timestamp('06-DEC-15 04.50.22.701000000 PM','DD-MON-RR HH.MI.SSXFF AM'),to_timestamp('06-DEC-15 04.50.22.701000000 PM','DD-MON-RR HH.MI.SSXFF AM'));
Insert into TRAVEL_DOCUMENT (TRAVEL_DOCUMENT_ID,CLIENT_ID,PROJECT_ID,AGENT_ID,EMPLOYEE_ID,CREATED_DATE,MGR_STATUS,CFO_STATUS,FIN_STATUS,MGR_LAST_MODIFICATION,CFO_LAST_MODIFICATION,FIN_LAST_MODIFICATION) values (80192,50000,30003,40003,20192,to_timestamp('06-DEC-15 04.50.22.701000000 PM','DD-MON-RR HH.MI.SSXFF AM'),2,1,1,to_timestamp('06-DEC-15 04.50.22.701000000 PM','DD-MON-RR HH.MI.SSXFF AM'),to_timestamp('06-DEC-15 04.50.22.701000000 PM','DD-MON-RR HH.MI.SSXFF AM'),to_timestamp('06-DEC-15 04.50.22.701000000 PM','DD-MON-RR HH.MI.SSXFF AM'));
Insert into TRAVEL_DOCUMENT (TRAVEL_DOCUMENT_ID,CLIENT_ID,PROJECT_ID,AGENT_ID,EMPLOYEE_ID,CREATED_DATE,MGR_STATUS,CFO_STATUS,FIN_STATUS,MGR_LAST_MODIFICATION,CFO_LAST_MODIFICATION,FIN_LAST_MODIFICATION) values (80193,50001,30004,40000,20193,to_timestamp('06-DEC-15 04.50.22.701000000 PM','DD-MON-RR HH.MI.SSXFF AM'),2,1,1,to_timestamp('06-DEC-15 04.50.22.701000000 PM','DD-MON-RR HH.MI.SSXFF AM'),to_timestamp('06-DEC-15 04.50.22.701000000 PM','DD-MON-RR HH.MI.SSXFF AM'),to_timestamp('06-DEC-15 04.50.22.701000000 PM','DD-MON-RR HH.MI.SSXFF AM'));
Insert into TRAVEL_DOCUMENT (TRAVEL_DOCUMENT_ID,CLIENT_ID,PROJECT_ID,AGENT_ID,EMPLOYEE_ID,CREATED_DATE,MGR_STATUS,CFO_STATUS,FIN_STATUS,MGR_LAST_MODIFICATION,CFO_LAST_MODIFICATION,FIN_LAST_MODIFICATION) values (80194,50002,30005,40001,20194,to_timestamp('06-DEC-15 04.50.22.701000000 PM','DD-MON-RR HH.MI.SSXFF AM'),3,3,2,to_timestamp('06-DEC-15 04.50.22.701000000 PM','DD-MON-RR HH.MI.SSXFF AM'),to_timestamp('06-DEC-15 04.50.22.701000000 PM','DD-MON-RR HH.MI.SSXFF AM'),to_timestamp('06-DEC-15 04.50.22.701000000 PM','DD-MON-RR HH.MI.SSXFF AM'));
Insert into TRAVEL_DOCUMENT (TRAVEL_DOCUMENT_ID,CLIENT_ID,PROJECT_ID,AGENT_ID,EMPLOYEE_ID,CREATED_DATE,MGR_STATUS,CFO_STATUS,FIN_STATUS,MGR_LAST_MODIFICATION,CFO_LAST_MODIFICATION,FIN_LAST_MODIFICATION) values (80195,50003,30006,40000,20195,to_timestamp('06-DEC-15 04.50.22.701000000 PM','DD-MON-RR HH.MI.SSXFF AM'),3,2,1,to_timestamp('06-DEC-15 04.50.22.701000000 PM','DD-MON-RR HH.MI.SSXFF AM'),to_timestamp('06-DEC-15 04.50.22.701000000 PM','DD-MON-RR HH.MI.SSXFF AM'),to_timestamp('06-DEC-15 04.50.22.701000000 PM','DD-MON-RR HH.MI.SSXFF AM'));
Insert into TRAVEL_DOCUMENT (TRAVEL_DOCUMENT_ID,CLIENT_ID,PROJECT_ID,AGENT_ID,EMPLOYEE_ID,CREATED_DATE,MGR_STATUS,CFO_STATUS,FIN_STATUS,MGR_LAST_MODIFICATION,CFO_LAST_MODIFICATION,FIN_LAST_MODIFICATION) values (80196,50004,30007,40001,20196,to_timestamp('06-DEC-15 04.50.22.701000000 PM','DD-MON-RR HH.MI.SSXFF AM'),3,1,1,to_timestamp('06-DEC-15 04.50.22.701000000 PM','DD-MON-RR HH.MI.SSXFF AM'),to_timestamp('06-DEC-15 04.50.22.701000000 PM','DD-MON-RR HH.MI.SSXFF AM'),to_timestamp('06-DEC-15 04.50.22.701000000 PM','DD-MON-RR HH.MI.SSXFF AM'));
Insert into TRAVEL_DOCUMENT (TRAVEL_DOCUMENT_ID,CLIENT_ID,PROJECT_ID,AGENT_ID,EMPLOYEE_ID,CREATED_DATE,MGR_STATUS,CFO_STATUS,FIN_STATUS,MGR_LAST_MODIFICATION,CFO_LAST_MODIFICATION,FIN_LAST_MODIFICATION) values (80197,50005,30003,40002,20197,to_timestamp('06-DEC-15 04.50.22.701000000 PM','DD-MON-RR HH.MI.SSXFF AM'),2,1,1,to_timestamp('06-DEC-15 04.50.22.701000000 PM','DD-MON-RR HH.MI.SSXFF AM'),to_timestamp('06-DEC-15 04.50.22.701000000 PM','DD-MON-RR HH.MI.SSXFF AM'),to_timestamp('06-DEC-15 04.50.22.701000000 PM','DD-MON-RR HH.MI.SSXFF AM'));
Insert into TRAVEL_DOCUMENT (TRAVEL_DOCUMENT_ID,CLIENT_ID,PROJECT_ID,AGENT_ID,EMPLOYEE_ID,CREATED_DATE,MGR_STATUS,CFO_STATUS,FIN_STATUS,MGR_LAST_MODIFICATION,CFO_LAST_MODIFICATION,FIN_LAST_MODIFICATION) values (80198,50006,30004,40000,20198,to_timestamp('06-DEC-15 04.50.22.701000000 PM','DD-MON-RR HH.MI.SSXFF AM'),3,3,3,to_timestamp('06-DEC-15 04.50.22.701000000 PM','DD-MON-RR HH.MI.SSXFF AM'),to_timestamp('06-DEC-15 04.50.22.701000000 PM','DD-MON-RR HH.MI.SSXFF AM'),to_timestamp('06-DEC-15 04.50.22.701000000 PM','DD-MON-RR HH.MI.SSXFF AM'));
Insert into TRAVEL_DOCUMENT (TRAVEL_DOCUMENT_ID,CLIENT_ID,PROJECT_ID,AGENT_ID,EMPLOYEE_ID,CREATED_DATE,MGR_STATUS,CFO_STATUS,FIN_STATUS,MGR_LAST_MODIFICATION,CFO_LAST_MODIFICATION,FIN_LAST_MODIFICATION) values (80199,50007,30005,40001,20199,to_timestamp('06-DEC-15 04.50.22.701000000 PM','DD-MON-RR HH.MI.SSXFF AM'),3,3,2,to_timestamp('06-DEC-15 04.50.22.701000000 PM','DD-MON-RR HH.MI.SSXFF AM'),to_timestamp('06-DEC-15 04.50.22.701000000 PM','DD-MON-RR HH.MI.SSXFF AM'),to_timestamp('06-DEC-15 04.50.22.701000000 PM','DD-MON-RR HH.MI.SSXFF AM'));
Insert into TRAVEL_DOCUMENT (TRAVEL_DOCUMENT_ID,CLIENT_ID,PROJECT_ID,AGENT_ID,EMPLOYEE_ID,CREATED_DATE,MGR_STATUS,CFO_STATUS,FIN_STATUS,MGR_LAST_MODIFICATION,CFO_LAST_MODIFICATION,FIN_LAST_MODIFICATION) values (80000,50000,30000,40000,20000,to_timestamp('06-DEC-15 04.50.22.529000000 PM','DD-MON-RR HH.MI.SSXFF AM'),2,1,1,to_timestamp('06-DEC-15 04.50.22.529000000 PM','DD-MON-RR HH.MI.SSXFF AM'),to_timestamp('06-DEC-15 04.50.22.529000000 PM','DD-MON-RR HH.MI.SSXFF AM'),to_timestamp('06-DEC-15 04.50.22.529000000 PM','DD-MON-RR HH.MI.SSXFF AM'));
Insert into TRAVEL_DOCUMENT (TRAVEL_DOCUMENT_ID,CLIENT_ID,PROJECT_ID,AGENT_ID,EMPLOYEE_ID,CREATED_DATE,MGR_STATUS,CFO_STATUS,FIN_STATUS,MGR_LAST_MODIFICATION,CFO_LAST_MODIFICATION,FIN_LAST_MODIFICATION) values (80001,50001,30001,40001,20001,to_timestamp('06-DEC-15 04.50.22.529000000 PM','DD-MON-RR HH.MI.SSXFF AM'),1,1,1,to_timestamp('06-DEC-15 04.50.22.529000000 PM','DD-MON-RR HH.MI.SSXFF AM'),to_timestamp('06-DEC-15 04.50.22.529000000 PM','DD-MON-RR HH.MI.SSXFF AM'),to_timestamp('06-DEC-15 04.50.22.529000000 PM','DD-MON-RR HH.MI.SSXFF AM'));
Insert into TRAVEL_DOCUMENT (TRAVEL_DOCUMENT_ID,CLIENT_ID,PROJECT_ID,AGENT_ID,EMPLOYEE_ID,CREATED_DATE,MGR_STATUS,CFO_STATUS,FIN_STATUS,MGR_LAST_MODIFICATION,CFO_LAST_MODIFICATION,FIN_LAST_MODIFICATION) values (80002,50002,30002,40002,20002,to_timestamp('06-DEC-15 04.50.22.529000000 PM','DD-MON-RR HH.MI.SSXFF AM'),1,1,1,to_timestamp('06-DEC-15 04.50.22.529000000 PM','DD-MON-RR HH.MI.SSXFF AM'),to_timestamp('06-DEC-15 04.50.22.529000000 PM','DD-MON-RR HH.MI.SSXFF AM'),to_timestamp('06-DEC-15 04.50.22.529000000 PM','DD-MON-RR HH.MI.SSXFF AM'));
Insert into TRAVEL_DOCUMENT (TRAVEL_DOCUMENT_ID,CLIENT_ID,PROJECT_ID,AGENT_ID,EMPLOYEE_ID,CREATED_DATE,MGR_STATUS,CFO_STATUS,FIN_STATUS,MGR_LAST_MODIFICATION,CFO_LAST_MODIFICATION,FIN_LAST_MODIFICATION) values (80003,50003,30003,40003,20003,to_timestamp('06-DEC-15 04.50.22.529000000 PM','DD-MON-RR HH.MI.SSXFF AM'),3,3,3,to_timestamp('06-DEC-15 04.50.22.529000000 PM','DD-MON-RR HH.MI.SSXFF AM'),to_timestamp('06-DEC-15 04.50.22.529000000 PM','DD-MON-RR HH.MI.SSXFF AM'),to_timestamp('06-DEC-15 04.50.22.529000000 PM','DD-MON-RR HH.MI.SSXFF AM'));
Insert into TRAVEL_DOCUMENT (TRAVEL_DOCUMENT_ID,CLIENT_ID,PROJECT_ID,AGENT_ID,EMPLOYEE_ID,CREATED_DATE,MGR_STATUS,CFO_STATUS,FIN_STATUS,MGR_LAST_MODIFICATION,CFO_LAST_MODIFICATION,FIN_LAST_MODIFICATION) values (80004,50004,30004,40000,20004,to_timestamp('06-DEC-15 04.50.22.529000000 PM','DD-MON-RR HH.MI.SSXFF AM'),2,1,1,to_timestamp('06-DEC-15 04.50.22.529000000 PM','DD-MON-RR HH.MI.SSXFF AM'),to_timestamp('06-DEC-15 04.50.22.529000000 PM','DD-MON-RR HH.MI.SSXFF AM'),to_timestamp('06-DEC-15 04.50.22.529000000 PM','DD-MON-RR HH.MI.SSXFF AM'));
Insert into TRAVEL_DOCUMENT (TRAVEL_DOCUMENT_ID,CLIENT_ID,PROJECT_ID,AGENT_ID,EMPLOYEE_ID,CREATED_DATE,MGR_STATUS,CFO_STATUS,FIN_STATUS,MGR_LAST_MODIFICATION,CFO_LAST_MODIFICATION,FIN_LAST_MODIFICATION) values (80005,50005,30005,40001,20005,to_timestamp('06-DEC-15 04.50.22.529000000 PM','DD-MON-RR HH.MI.SSXFF AM'),2,1,1,to_timestamp('06-DEC-15 04.50.22.529000000 PM','DD-MON-RR HH.MI.SSXFF AM'),to_timestamp('06-DEC-15 04.50.22.529000000 PM','DD-MON-RR HH.MI.SSXFF AM'),to_timestamp('06-DEC-15 04.50.22.529000000 PM','DD-MON-RR HH.MI.SSXFF AM'));
Insert into TRAVEL_DOCUMENT (TRAVEL_DOCUMENT_ID,CLIENT_ID,PROJECT_ID,AGENT_ID,EMPLOYEE_ID,CREATED_DATE,MGR_STATUS,CFO_STATUS,FIN_STATUS,MGR_LAST_MODIFICATION,CFO_LAST_MODIFICATION,FIN_LAST_MODIFICATION) values (80006,50006,30006,40000,20006,to_timestamp('06-DEC-15 04.50.22.529000000 PM','DD-MON-RR HH.MI.SSXFF AM'),2,1,1,to_timestamp('06-DEC-15 04.50.22.529000000 PM','DD-MON-RR HH.MI.SSXFF AM'),to_timestamp('06-DEC-15 04.50.22.529000000 PM','DD-MON-RR HH.MI.SSXFF AM'),to_timestamp('06-DEC-15 04.50.22.529000000 PM','DD-MON-RR HH.MI.SSXFF AM'));
Insert into TRAVEL_DOCUMENT (TRAVEL_DOCUMENT_ID,CLIENT_ID,PROJECT_ID,AGENT_ID,EMPLOYEE_ID,CREATED_DATE,MGR_STATUS,CFO_STATUS,FIN_STATUS,MGR_LAST_MODIFICATION,CFO_LAST_MODIFICATION,FIN_LAST_MODIFICATION) values (80007,50007,30007,40001,20007,to_timestamp('06-DEC-15 04.50.22.529000000 PM','DD-MON-RR HH.MI.SSXFF AM'),3,3,3,to_timestamp('06-DEC-15 04.50.22.529000000 PM','DD-MON-RR HH.MI.SSXFF AM'),to_timestamp('06-DEC-15 04.50.22.529000000 PM','DD-MON-RR HH.MI.SSXFF AM'),to_timestamp('06-DEC-15 04.50.22.529000000 PM','DD-MON-RR HH.MI.SSXFF AM'));
Insert into TRAVEL_DOCUMENT (TRAVEL_DOCUMENT_ID,CLIENT_ID,PROJECT_ID,AGENT_ID,EMPLOYEE_ID,CREATED_DATE,MGR_STATUS,CFO_STATUS,FIN_STATUS,MGR_LAST_MODIFICATION,CFO_LAST_MODIFICATION,FIN_LAST_MODIFICATION) values (80008,50008,30000,40002,20008,to_timestamp('06-DEC-15 04.50.22.529000000 PM','DD-MON-RR HH.MI.SSXFF AM'),3,3,2,to_timestamp('06-DEC-15 04.50.22.529000000 PM','DD-MON-RR HH.MI.SSXFF AM'),to_timestamp('06-DEC-15 04.50.22.529000000 PM','DD-MON-RR HH.MI.SSXFF AM'),to_timestamp('06-DEC-15 04.50.22.529000000 PM','DD-MON-RR HH.MI.SSXFF AM'));
Insert into TRAVEL_DOCUMENT (TRAVEL_DOCUMENT_ID,CLIENT_ID,PROJECT_ID,AGENT_ID,EMPLOYEE_ID,CREATED_DATE,MGR_STATUS,CFO_STATUS,FIN_STATUS,MGR_LAST_MODIFICATION,CFO_LAST_MODIFICATION,FIN_LAST_MODIFICATION) values (80009,50009,30001,40003,20009,to_timestamp('06-DEC-15 04.50.22.529000000 PM','DD-MON-RR HH.MI.SSXFF AM'),3,3,2,to_timestamp('06-DEC-15 04.50.22.529000000 PM','DD-MON-RR HH.MI.SSXFF AM'),to_timestamp('06-DEC-15 04.50.22.529000000 PM','DD-MON-RR HH.MI.SSXFF AM'),to_timestamp('06-DEC-15 04.50.22.529000000 PM','DD-MON-RR HH.MI.SSXFF AM'));
Insert into TRAVEL_DOCUMENT (TRAVEL_DOCUMENT_ID,CLIENT_ID,PROJECT_ID,AGENT_ID,EMPLOYEE_ID,CREATED_DATE,MGR_STATUS,CFO_STATUS,FIN_STATUS,MGR_LAST_MODIFICATION,CFO_LAST_MODIFICATION,FIN_LAST_MODIFICATION) values (80010,50000,30002,40000,20010,to_timestamp('06-DEC-15 04.50.22.529000000 PM','DD-MON-RR HH.MI.SSXFF AM'),3,2,1,to_timestamp('06-DEC-15 04.50.22.529000000 PM','DD-MON-RR HH.MI.SSXFF AM'),to_timestamp('06-DEC-15 04.50.22.529000000 PM','DD-MON-RR HH.MI.SSXFF AM'),to_timestamp('06-DEC-15 04.50.22.529000000 PM','DD-MON-RR HH.MI.SSXFF AM'));
Insert into TRAVEL_DOCUMENT (TRAVEL_DOCUMENT_ID,CLIENT_ID,PROJECT_ID,AGENT_ID,EMPLOYEE_ID,CREATED_DATE,MGR_STATUS,CFO_STATUS,FIN_STATUS,MGR_LAST_MODIFICATION,CFO_LAST_MODIFICATION,FIN_LAST_MODIFICATION) values (80011,50001,30000,40001,20011,to_timestamp('06-DEC-15 04.50.22.529000000 PM','DD-MON-RR HH.MI.SSXFF AM'),3,2,3,to_timestamp('06-DEC-15 04.50.22.529000000 PM','DD-MON-RR HH.MI.SSXFF AM'),to_timestamp('06-DEC-15 04.50.22.529000000 PM','DD-MON-RR HH.MI.SSXFF AM'),to_timestamp('06-DEC-15 04.50.22.529000000 PM','DD-MON-RR HH.MI.SSXFF AM'));
Insert into TRAVEL_DOCUMENT (TRAVEL_DOCUMENT_ID,CLIENT_ID,PROJECT_ID,AGENT_ID,EMPLOYEE_ID,CREATED_DATE,MGR_STATUS,CFO_STATUS,FIN_STATUS,MGR_LAST_MODIFICATION,CFO_LAST_MODIFICATION,FIN_LAST_MODIFICATION) values (80012,50002,30001,40002,20012,to_timestamp('06-DEC-15 04.50.22.529000000 PM','DD-MON-RR HH.MI.SSXFF AM'),3,2,1,to_timestamp('06-DEC-15 04.50.22.529000000 PM','DD-MON-RR HH.MI.SSXFF AM'),to_timestamp('06-DEC-15 04.50.22.529000000 PM','DD-MON-RR HH.MI.SSXFF AM'),to_timestamp('06-DEC-15 04.50.22.529000000 PM','DD-MON-RR HH.MI.SSXFF AM'));
Insert into TRAVEL_DOCUMENT (TRAVEL_DOCUMENT_ID,CLIENT_ID,PROJECT_ID,AGENT_ID,EMPLOYEE_ID,CREATED_DATE,MGR_STATUS,CFO_STATUS,FIN_STATUS,MGR_LAST_MODIFICATION,CFO_LAST_MODIFICATION,FIN_LAST_MODIFICATION) values (80013,50003,30002,40000,20013,to_timestamp('06-DEC-15 04.50.22.529000000 PM','DD-MON-RR HH.MI.SSXFF AM'),3,3,3,to_timestamp('06-DEC-15 04.50.22.529000000 PM','DD-MON-RR HH.MI.SSXFF AM'),to_timestamp('06-DEC-15 04.50.22.529000000 PM','DD-MON-RR HH.MI.SSXFF AM'),to_timestamp('06-DEC-15 04.50.22.529000000 PM','DD-MON-RR HH.MI.SSXFF AM'));
Insert into TRAVEL_DOCUMENT (TRAVEL_DOCUMENT_ID,CLIENT_ID,PROJECT_ID,AGENT_ID,EMPLOYEE_ID,CREATED_DATE,MGR_STATUS,CFO_STATUS,FIN_STATUS,MGR_LAST_MODIFICATION,CFO_LAST_MODIFICATION,FIN_LAST_MODIFICATION) values (80014,50004,30003,40001,20014,to_timestamp('06-DEC-15 04.50.22.529000000 PM','DD-MON-RR HH.MI.SSXFF AM'),3,3,2,to_timestamp('06-DEC-15 04.50.22.529000000 PM','DD-MON-RR HH.MI.SSXFF AM'),to_timestamp('06-DEC-15 04.50.22.529000000 PM','DD-MON-RR HH.MI.SSXFF AM'),to_timestamp('06-DEC-15 04.50.22.529000000 PM','DD-MON-RR HH.MI.SSXFF AM'));
Insert into TRAVEL_DOCUMENT (TRAVEL_DOCUMENT_ID,CLIENT_ID,PROJECT_ID,AGENT_ID,EMPLOYEE_ID,CREATED_DATE,MGR_STATUS,CFO_STATUS,FIN_STATUS,MGR_LAST_MODIFICATION,CFO_LAST_MODIFICATION,FIN_LAST_MODIFICATION) values (80015,50005,30004,40002,20015,to_timestamp('06-DEC-15 04.50.22.529000000 PM','DD-MON-RR HH.MI.SSXFF AM'),2,1,1,to_timestamp('06-DEC-15 04.50.22.529000000 PM','DD-MON-RR HH.MI.SSXFF AM'),to_timestamp('06-DEC-15 04.50.22.529000000 PM','DD-MON-RR HH.MI.SSXFF AM'),to_timestamp('06-DEC-15 04.50.22.529000000 PM','DD-MON-RR HH.MI.SSXFF AM'));
Insert into TRAVEL_DOCUMENT (TRAVEL_DOCUMENT_ID,CLIENT_ID,PROJECT_ID,AGENT_ID,EMPLOYEE_ID,CREATED_DATE,MGR_STATUS,CFO_STATUS,FIN_STATUS,MGR_LAST_MODIFICATION,CFO_LAST_MODIFICATION,FIN_LAST_MODIFICATION) values (80016,50006,30005,40003,20016,to_timestamp('06-DEC-15 04.50.22.529000000 PM','DD-MON-RR HH.MI.SSXFF AM'),2,1,1,to_timestamp('06-DEC-15 04.50.22.529000000 PM','DD-MON-RR HH.MI.SSXFF AM'),to_timestamp('06-DEC-15 04.50.22.529000000 PM','DD-MON-RR HH.MI.SSXFF AM'),to_timestamp('06-DEC-15 04.50.22.529000000 PM','DD-MON-RR HH.MI.SSXFF AM'));
Insert into TRAVEL_DOCUMENT (TRAVEL_DOCUMENT_ID,CLIENT_ID,PROJECT_ID,AGENT_ID,EMPLOYEE_ID,CREATED_DATE,MGR_STATUS,CFO_STATUS,FIN_STATUS,MGR_LAST_MODIFICATION,CFO_LAST_MODIFICATION,FIN_LAST_MODIFICATION) values (80017,50007,30006,40000,20017,to_timestamp('06-DEC-15 04.50.22.529000000 PM','DD-MON-RR HH.MI.SSXFF AM'),2,1,1,to_timestamp('06-DEC-15 04.50.22.529000000 PM','DD-MON-RR HH.MI.SSXFF AM'),to_timestamp('06-DEC-15 04.50.22.529000000 PM','DD-MON-RR HH.MI.SSXFF AM'),to_timestamp('06-DEC-15 04.50.22.529000000 PM','DD-MON-RR HH.MI.SSXFF AM'));
Insert into TRAVEL_DOCUMENT (TRAVEL_DOCUMENT_ID,CLIENT_ID,PROJECT_ID,AGENT_ID,EMPLOYEE_ID,CREATED_DATE,MGR_STATUS,CFO_STATUS,FIN_STATUS,MGR_LAST_MODIFICATION,CFO_LAST_MODIFICATION,FIN_LAST_MODIFICATION) values (80018,50008,30007,40001,20018,to_timestamp('06-DEC-15 04.50.22.529000000 PM','DD-MON-RR HH.MI.SSXFF AM'),3,2,1,to_timestamp('06-DEC-15 04.50.22.529000000 PM','DD-MON-RR HH.MI.SSXFF AM'),to_timestamp('06-DEC-15 04.50.22.529000000 PM','DD-MON-RR HH.MI.SSXFF AM'),to_timestamp('06-DEC-15 04.50.22.529000000 PM','DD-MON-RR HH.MI.SSXFF AM'));
Insert into TRAVEL_DOCUMENT (TRAVEL_DOCUMENT_ID,CLIENT_ID,PROJECT_ID,AGENT_ID,EMPLOYEE_ID,CREATED_DATE,MGR_STATUS,CFO_STATUS,FIN_STATUS,MGR_LAST_MODIFICATION,CFO_LAST_MODIFICATION,FIN_LAST_MODIFICATION) values (80019,50000,30000,40000,20019,to_timestamp('06-DEC-15 04.50.22.529000000 PM','DD-MON-RR HH.MI.SSXFF AM'),3,2,1,to_timestamp('06-DEC-15 04.50.22.529000000 PM','DD-MON-RR HH.MI.SSXFF AM'),to_timestamp('06-DEC-15 04.50.22.529000000 PM','DD-MON-RR HH.MI.SSXFF AM'),to_timestamp('06-DEC-15 04.50.22.529000000 PM','DD-MON-RR HH.MI.SSXFF AM'));
Insert into TRAVEL_DOCUMENT (TRAVEL_DOCUMENT_ID,CLIENT_ID,PROJECT_ID,AGENT_ID,EMPLOYEE_ID,CREATED_DATE,MGR_STATUS,CFO_STATUS,FIN_STATUS,MGR_LAST_MODIFICATION,CFO_LAST_MODIFICATION,FIN_LAST_MODIFICATION) values (80020,50001,30001,40001,20020,to_timestamp('06-DEC-15 04.50.22.529000000 PM','DD-MON-RR HH.MI.SSXFF AM'),3,2,1,to_timestamp('06-DEC-15 04.50.22.529000000 PM','DD-MON-RR HH.MI.SSXFF AM'),to_timestamp('06-DEC-15 04.50.22.529000000 PM','DD-MON-RR HH.MI.SSXFF AM'),to_timestamp('06-DEC-15 04.50.22.529000000 PM','DD-MON-RR HH.MI.SSXFF AM'));
Insert into TRAVEL_DOCUMENT (TRAVEL_DOCUMENT_ID,CLIENT_ID,PROJECT_ID,AGENT_ID,EMPLOYEE_ID,CREATED_DATE,MGR_STATUS,CFO_STATUS,FIN_STATUS,MGR_LAST_MODIFICATION,CFO_LAST_MODIFICATION,FIN_LAST_MODIFICATION) values (80021,50002,30002,40002,20021,to_timestamp('06-DEC-15 04.50.22.529000000 PM','DD-MON-RR HH.MI.SSXFF AM'),3,3,2,to_timestamp('06-DEC-15 04.50.22.529000000 PM','DD-MON-RR HH.MI.SSXFF AM'),to_timestamp('06-DEC-15 04.50.22.529000000 PM','DD-MON-RR HH.MI.SSXFF AM'),to_timestamp('06-DEC-15 04.50.22.529000000 PM','DD-MON-RR HH.MI.SSXFF AM'));
Insert into TRAVEL_DOCUMENT (TRAVEL_DOCUMENT_ID,CLIENT_ID,PROJECT_ID,AGENT_ID,EMPLOYEE_ID,CREATED_DATE,MGR_STATUS,CFO_STATUS,FIN_STATUS,MGR_LAST_MODIFICATION,CFO_LAST_MODIFICATION,FIN_LAST_MODIFICATION) values (80022,50003,30003,40000,20022,to_timestamp('06-DEC-15 04.50.22.529000000 PM','DD-MON-RR HH.MI.SSXFF AM'),3,3,2,to_timestamp('06-DEC-15 04.50.22.529000000 PM','DD-MON-RR HH.MI.SSXFF AM'),to_timestamp('06-DEC-15 04.50.22.529000000 PM','DD-MON-RR HH.MI.SSXFF AM'),to_timestamp('06-DEC-15 04.50.22.529000000 PM','DD-MON-RR HH.MI.SSXFF AM'));
Insert into TRAVEL_DOCUMENT (TRAVEL_DOCUMENT_ID,CLIENT_ID,PROJECT_ID,AGENT_ID,EMPLOYEE_ID,CREATED_DATE,MGR_STATUS,CFO_STATUS,FIN_STATUS,MGR_LAST_MODIFICATION,CFO_LAST_MODIFICATION,FIN_LAST_MODIFICATION) values (80023,50004,30004,40001,20023,to_timestamp('06-DEC-15 04.50.22.529000000 PM','DD-MON-RR HH.MI.SSXFF AM'),3,3,3,to_timestamp('06-DEC-15 04.50.22.529000000 PM','DD-MON-RR HH.MI.SSXFF AM'),to_timestamp('06-DEC-15 04.50.22.529000000 PM','DD-MON-RR HH.MI.SSXFF AM'),to_timestamp('06-DEC-15 04.50.22.529000000 PM','DD-MON-RR HH.MI.SSXFF AM'));
Insert into TRAVEL_DOCUMENT (TRAVEL_DOCUMENT_ID,CLIENT_ID,PROJECT_ID,AGENT_ID,EMPLOYEE_ID,CREATED_DATE,MGR_STATUS,CFO_STATUS,FIN_STATUS,MGR_LAST_MODIFICATION,CFO_LAST_MODIFICATION,FIN_LAST_MODIFICATION) values (80024,50005,30005,40002,20024,to_timestamp('06-DEC-15 04.50.22.529000000 PM','DD-MON-RR HH.MI.SSXFF AM'),3,3,3,to_timestamp('06-DEC-15 04.50.22.529000000 PM','DD-MON-RR HH.MI.SSXFF AM'),to_timestamp('06-DEC-15 04.50.22.529000000 PM','DD-MON-RR HH.MI.SSXFF AM'),to_timestamp('06-DEC-15 04.50.22.529000000 PM','DD-MON-RR HH.MI.SSXFF AM'));
Insert into TRAVEL_DOCUMENT (TRAVEL_DOCUMENT_ID,CLIENT_ID,PROJECT_ID,AGENT_ID,EMPLOYEE_ID,CREATED_DATE,MGR_STATUS,CFO_STATUS,FIN_STATUS,MGR_LAST_MODIFICATION,CFO_LAST_MODIFICATION,FIN_LAST_MODIFICATION) values (80025,50006,30000,40003,20025,to_timestamp('06-DEC-15 04.50.22.529000000 PM','DD-MON-RR HH.MI.SSXFF AM'),2,1,1,to_timestamp('06-DEC-15 04.50.22.529000000 PM','DD-MON-RR HH.MI.SSXFF AM'),to_timestamp('06-DEC-15 04.50.22.529000000 PM','DD-MON-RR HH.MI.SSXFF AM'),to_timestamp('06-DEC-15 04.50.22.529000000 PM','DD-MON-RR HH.MI.SSXFF AM'));
Insert into TRAVEL_DOCUMENT (TRAVEL_DOCUMENT_ID,CLIENT_ID,PROJECT_ID,AGENT_ID,EMPLOYEE_ID,CREATED_DATE,MGR_STATUS,CFO_STATUS,FIN_STATUS,MGR_LAST_MODIFICATION,CFO_LAST_MODIFICATION,FIN_LAST_MODIFICATION) values (80026,50000,30001,40000,20026,to_timestamp('06-DEC-15 04.50.22.529000000 PM','DD-MON-RR HH.MI.SSXFF AM'),2,1,1,to_timestamp('06-DEC-15 04.50.22.529000000 PM','DD-MON-RR HH.MI.SSXFF AM'),to_timestamp('06-DEC-15 04.50.22.529000000 PM','DD-MON-RR HH.MI.SSXFF AM'),to_timestamp('06-DEC-15 04.50.22.529000000 PM','DD-MON-RR HH.MI.SSXFF AM'));
Insert into TRAVEL_DOCUMENT (TRAVEL_DOCUMENT_ID,CLIENT_ID,PROJECT_ID,AGENT_ID,EMPLOYEE_ID,CREATED_DATE,MGR_STATUS,CFO_STATUS,FIN_STATUS,MGR_LAST_MODIFICATION,CFO_LAST_MODIFICATION,FIN_LAST_MODIFICATION) values (80027,50000,30002,40001,20027,to_timestamp('06-DEC-15 04.50.22.529000000 PM','DD-MON-RR HH.MI.SSXFF AM'),3,2,1,to_timestamp('06-DEC-15 04.50.22.529000000 PM','DD-MON-RR HH.MI.SSXFF AM'),to_timestamp('06-DEC-15 04.50.22.529000000 PM','DD-MON-RR HH.MI.SSXFF AM'),to_timestamp('06-DEC-15 04.50.22.529000000 PM','DD-MON-RR HH.MI.SSXFF AM'));
Insert into TRAVEL_DOCUMENT (TRAVEL_DOCUMENT_ID,CLIENT_ID,PROJECT_ID,AGENT_ID,EMPLOYEE_ID,CREATED_DATE,MGR_STATUS,CFO_STATUS,FIN_STATUS,MGR_LAST_MODIFICATION,CFO_LAST_MODIFICATION,FIN_LAST_MODIFICATION) values (80028,50001,30003,40000,20028,to_timestamp('06-DEC-15 04.50.22.529000000 PM','DD-MON-RR HH.MI.SSXFF AM'),3,3,2,to_timestamp('06-DEC-15 04.50.22.529000000 PM','DD-MON-RR HH.MI.SSXFF AM'),to_timestamp('06-DEC-15 04.50.22.529000000 PM','DD-MON-RR HH.MI.SSXFF AM'),to_timestamp('06-DEC-15 04.50.22.529000000 PM','DD-MON-RR HH.MI.SSXFF AM'));
Insert into TRAVEL_DOCUMENT (TRAVEL_DOCUMENT_ID,CLIENT_ID,PROJECT_ID,AGENT_ID,EMPLOYEE_ID,CREATED_DATE,MGR_STATUS,CFO_STATUS,FIN_STATUS,MGR_LAST_MODIFICATION,CFO_LAST_MODIFICATION,FIN_LAST_MODIFICATION) values (80029,50002,30004,40001,20029,to_timestamp('06-DEC-15 04.50.22.529000000 PM','DD-MON-RR HH.MI.SSXFF AM'),3,3,3,to_timestamp('06-DEC-15 04.50.22.529000000 PM','DD-MON-RR HH.MI.SSXFF AM'),to_timestamp('06-DEC-15 04.50.22.529000000 PM','DD-MON-RR HH.MI.SSXFF AM'),to_timestamp('06-DEC-15 04.50.22.529000000 PM','DD-MON-RR HH.MI.SSXFF AM'));
Insert into TRAVEL_DOCUMENT (TRAVEL_DOCUMENT_ID,CLIENT_ID,PROJECT_ID,AGENT_ID,EMPLOYEE_ID,CREATED_DATE,MGR_STATUS,CFO_STATUS,FIN_STATUS,MGR_LAST_MODIFICATION,CFO_LAST_MODIFICATION,FIN_LAST_MODIFICATION) values (80030,50003,30005,40002,20030,to_timestamp('06-DEC-15 04.50.22.529000000 PM','DD-MON-RR HH.MI.SSXFF AM'),3,3,3,to_timestamp('06-DEC-15 04.50.22.529000000 PM','DD-MON-RR HH.MI.SSXFF AM'),to_timestamp('06-DEC-15 04.50.22.529000000 PM','DD-MON-RR HH.MI.SSXFF AM'),to_timestamp('06-DEC-15 04.50.22.529000000 PM','DD-MON-RR HH.MI.SSXFF AM'));
Insert into TRAVEL_DOCUMENT (TRAVEL_DOCUMENT_ID,CLIENT_ID,PROJECT_ID,AGENT_ID,EMPLOYEE_ID,CREATED_DATE,MGR_STATUS,CFO_STATUS,FIN_STATUS,MGR_LAST_MODIFICATION,CFO_LAST_MODIFICATION,FIN_LAST_MODIFICATION) values (80031,50004,30006,40003,20031,to_timestamp('06-DEC-15 04.50.22.529000000 PM','DD-MON-RR HH.MI.SSXFF AM'),2,1,1,to_timestamp('06-DEC-15 04.50.22.529000000 PM','DD-MON-RR HH.MI.SSXFF AM'),to_timestamp('06-DEC-15 04.50.22.529000000 PM','DD-MON-RR HH.MI.SSXFF AM'),to_timestamp('06-DEC-15 04.50.22.529000000 PM','DD-MON-RR HH.MI.SSXFF AM'));
Insert into TRAVEL_DOCUMENT (TRAVEL_DOCUMENT_ID,CLIENT_ID,PROJECT_ID,AGENT_ID,EMPLOYEE_ID,CREATED_DATE,MGR_STATUS,CFO_STATUS,FIN_STATUS,MGR_LAST_MODIFICATION,CFO_LAST_MODIFICATION,FIN_LAST_MODIFICATION) values (80032,50005,30007,40000,20032,to_timestamp('06-DEC-15 04.50.22.529000000 PM','DD-MON-RR HH.MI.SSXFF AM'),1,1,1,to_timestamp('06-DEC-15 04.50.22.529000000 PM','DD-MON-RR HH.MI.SSXFF AM'),to_timestamp('06-DEC-15 04.50.22.529000000 PM','DD-MON-RR HH.MI.SSXFF AM'),to_timestamp('06-DEC-15 04.50.22.529000000 PM','DD-MON-RR HH.MI.SSXFF AM'));
Insert into TRAVEL_DOCUMENT (TRAVEL_DOCUMENT_ID,CLIENT_ID,PROJECT_ID,AGENT_ID,EMPLOYEE_ID,CREATED_DATE,MGR_STATUS,CFO_STATUS,FIN_STATUS,MGR_LAST_MODIFICATION,CFO_LAST_MODIFICATION,FIN_LAST_MODIFICATION) values (80033,50006,30000,40001,20033,to_timestamp('06-DEC-15 04.50.22.529000000 PM','DD-MON-RR HH.MI.SSXFF AM'),1,1,1,to_timestamp('06-DEC-15 04.50.22.529000000 PM','DD-MON-RR HH.MI.SSXFF AM'),to_timestamp('06-DEC-15 04.50.22.529000000 PM','DD-MON-RR HH.MI.SSXFF AM'),to_timestamp('06-DEC-15 04.50.22.529000000 PM','DD-MON-RR HH.MI.SSXFF AM'));
Insert into TRAVEL_DOCUMENT (TRAVEL_DOCUMENT_ID,CLIENT_ID,PROJECT_ID,AGENT_ID,EMPLOYEE_ID,CREATED_DATE,MGR_STATUS,CFO_STATUS,FIN_STATUS,MGR_LAST_MODIFICATION,CFO_LAST_MODIFICATION,FIN_LAST_MODIFICATION) values (80034,50007,30001,40002,20034,to_timestamp('06-DEC-15 04.50.22.529000000 PM','DD-MON-RR HH.MI.SSXFF AM'),3,1,1,to_timestamp('06-DEC-15 04.50.22.529000000 PM','DD-MON-RR HH.MI.SSXFF AM'),to_timestamp('06-DEC-15 04.50.22.529000000 PM','DD-MON-RR HH.MI.SSXFF AM'),to_timestamp('06-DEC-15 04.50.22.529000000 PM','DD-MON-RR HH.MI.SSXFF AM'));
Insert into TRAVEL_DOCUMENT (TRAVEL_DOCUMENT_ID,CLIENT_ID,PROJECT_ID,AGENT_ID,EMPLOYEE_ID,CREATED_DATE,MGR_STATUS,CFO_STATUS,FIN_STATUS,MGR_LAST_MODIFICATION,CFO_LAST_MODIFICATION,FIN_LAST_MODIFICATION) values (80035,50008,30002,40000,20035,to_timestamp('06-DEC-15 04.50.22.529000000 PM','DD-MON-RR HH.MI.SSXFF AM'),3,3,3,to_timestamp('06-DEC-15 04.50.22.529000000 PM','DD-MON-RR HH.MI.SSXFF AM'),to_timestamp('06-DEC-15 04.50.22.529000000 PM','DD-MON-RR HH.MI.SSXFF AM'),to_timestamp('06-DEC-15 04.50.22.529000000 PM','DD-MON-RR HH.MI.SSXFF AM'));
Insert into TRAVEL_DOCUMENT (TRAVEL_DOCUMENT_ID,CLIENT_ID,PROJECT_ID,AGENT_ID,EMPLOYEE_ID,CREATED_DATE,MGR_STATUS,CFO_STATUS,FIN_STATUS,MGR_LAST_MODIFICATION,CFO_LAST_MODIFICATION,FIN_LAST_MODIFICATION) values (80036,50009,30000,40001,20036,to_timestamp('06-DEC-15 04.50.22.529000000 PM','DD-MON-RR HH.MI.SSXFF AM'),3,2,1,to_timestamp('06-DEC-15 04.50.22.529000000 PM','DD-MON-RR HH.MI.SSXFF AM'),to_timestamp('06-DEC-15 04.50.22.529000000 PM','DD-MON-RR HH.MI.SSXFF AM'),to_timestamp('06-DEC-15 04.50.22.529000000 PM','DD-MON-RR HH.MI.SSXFF AM'));
Insert into TRAVEL_DOCUMENT (TRAVEL_DOCUMENT_ID,CLIENT_ID,PROJECT_ID,AGENT_ID,EMPLOYEE_ID,CREATED_DATE,MGR_STATUS,CFO_STATUS,FIN_STATUS,MGR_LAST_MODIFICATION,CFO_LAST_MODIFICATION,FIN_LAST_MODIFICATION) values (80037,50000,30001,40002,20037,to_timestamp('06-DEC-15 04.50.22.529000000 PM','DD-MON-RR HH.MI.SSXFF AM'),1,1,1,to_timestamp('06-DEC-15 04.50.22.529000000 PM','DD-MON-RR HH.MI.SSXFF AM'),to_timestamp('06-DEC-15 04.50.22.529000000 PM','DD-MON-RR HH.MI.SSXFF AM'),to_timestamp('06-DEC-15 04.50.22.529000000 PM','DD-MON-RR HH.MI.SSXFF AM'));
Insert into TRAVEL_DOCUMENT (TRAVEL_DOCUMENT_ID,CLIENT_ID,PROJECT_ID,AGENT_ID,EMPLOYEE_ID,CREATED_DATE,MGR_STATUS,CFO_STATUS,FIN_STATUS,MGR_LAST_MODIFICATION,CFO_LAST_MODIFICATION,FIN_LAST_MODIFICATION) values (80038,50001,30002,40003,20038,to_timestamp('06-DEC-15 04.50.22.529000000 PM','DD-MON-RR HH.MI.SSXFF AM'),1,1,1,to_timestamp('06-DEC-15 04.50.22.529000000 PM','DD-MON-RR HH.MI.SSXFF AM'),to_timestamp('06-DEC-15 04.50.22.529000000 PM','DD-MON-RR HH.MI.SSXFF AM'),to_timestamp('06-DEC-15 04.50.22.529000000 PM','DD-MON-RR HH.MI.SSXFF AM'));
Insert into TRAVEL_DOCUMENT (TRAVEL_DOCUMENT_ID,CLIENT_ID,PROJECT_ID,AGENT_ID,EMPLOYEE_ID,CREATED_DATE,MGR_STATUS,CFO_STATUS,FIN_STATUS,MGR_LAST_MODIFICATION,CFO_LAST_MODIFICATION,FIN_LAST_MODIFICATION) values (80039,50002,30003,40000,20039,to_timestamp('06-DEC-15 04.50.22.529000000 PM','DD-MON-RR HH.MI.SSXFF AM'),3,3,2,to_timestamp('06-DEC-15 04.50.22.529000000 PM','DD-MON-RR HH.MI.SSXFF AM'),to_timestamp('06-DEC-15 04.50.22.529000000 PM','DD-MON-RR HH.MI.SSXFF AM'),to_timestamp('06-DEC-15 04.50.22.529000000 PM','DD-MON-RR HH.MI.SSXFF AM'));
Insert into TRAVEL_DOCUMENT (TRAVEL_DOCUMENT_ID,CLIENT_ID,PROJECT_ID,AGENT_ID,EMPLOYEE_ID,CREATED_DATE,MGR_STATUS,CFO_STATUS,FIN_STATUS,MGR_LAST_MODIFICATION,CFO_LAST_MODIFICATION,FIN_LAST_MODIFICATION) values (80040,50003,30004,40001,20040,to_timestamp('06-DEC-15 04.50.22.529000000 PM','DD-MON-RR HH.MI.SSXFF AM'),2,1,1,to_timestamp('06-DEC-15 04.50.22.529000000 PM','DD-MON-RR HH.MI.SSXFF AM'),to_timestamp('06-DEC-15 04.50.22.529000000 PM','DD-MON-RR HH.MI.SSXFF AM'),to_timestamp('06-DEC-15 04.50.22.529000000 PM','DD-MON-RR HH.MI.SSXFF AM'));
Insert into TRAVEL_DOCUMENT (TRAVEL_DOCUMENT_ID,CLIENT_ID,PROJECT_ID,AGENT_ID,EMPLOYEE_ID,CREATED_DATE,MGR_STATUS,CFO_STATUS,FIN_STATUS,MGR_LAST_MODIFICATION,CFO_LAST_MODIFICATION,FIN_LAST_MODIFICATION) values (80041,50004,30005,40000,20041,to_timestamp('06-DEC-15 04.50.22.529000000 PM','DD-MON-RR HH.MI.SSXFF AM'),2,1,1,to_timestamp('06-DEC-15 04.50.22.529000000 PM','DD-MON-RR HH.MI.SSXFF AM'),to_timestamp('06-DEC-15 04.50.22.529000000 PM','DD-MON-RR HH.MI.SSXFF AM'),to_timestamp('06-DEC-15 04.50.22.529000000 PM','DD-MON-RR HH.MI.SSXFF AM'));
Insert into TRAVEL_DOCUMENT (TRAVEL_DOCUMENT_ID,CLIENT_ID,PROJECT_ID,AGENT_ID,EMPLOYEE_ID,CREATED_DATE,MGR_STATUS,CFO_STATUS,FIN_STATUS,MGR_LAST_MODIFICATION,CFO_LAST_MODIFICATION,FIN_LAST_MODIFICATION) values (80042,50005,30006,40001,20042,to_timestamp('06-DEC-15 04.50.22.529000000 PM','DD-MON-RR HH.MI.SSXFF AM'),3,3,2,to_timestamp('06-DEC-15 04.50.22.529000000 PM','DD-MON-RR HH.MI.SSXFF AM'),to_timestamp('06-DEC-15 04.50.22.529000000 PM','DD-MON-RR HH.MI.SSXFF AM'),to_timestamp('06-DEC-15 04.50.22.529000000 PM','DD-MON-RR HH.MI.SSXFF AM'));
Insert into TRAVEL_DOCUMENT (TRAVEL_DOCUMENT_ID,CLIENT_ID,PROJECT_ID,AGENT_ID,EMPLOYEE_ID,CREATED_DATE,MGR_STATUS,CFO_STATUS,FIN_STATUS,MGR_LAST_MODIFICATION,CFO_LAST_MODIFICATION,FIN_LAST_MODIFICATION) values (80043,50006,30007,40002,20043,to_timestamp('06-DEC-15 04.50.22.529000000 PM','DD-MON-RR HH.MI.SSXFF AM'),3,2,1,to_timestamp('06-DEC-15 04.50.22.529000000 PM','DD-MON-RR HH.MI.SSXFF AM'),to_timestamp('06-DEC-15 04.50.22.529000000 PM','DD-MON-RR HH.MI.SSXFF AM'),to_timestamp('06-DEC-15 04.50.22.529000000 PM','DD-MON-RR HH.MI.SSXFF AM'));
Insert into TRAVEL_DOCUMENT (TRAVEL_DOCUMENT_ID,CLIENT_ID,PROJECT_ID,AGENT_ID,EMPLOYEE_ID,CREATED_DATE,MGR_STATUS,CFO_STATUS,FIN_STATUS,MGR_LAST_MODIFICATION,CFO_LAST_MODIFICATION,FIN_LAST_MODIFICATION) values (80044,50007,30000,40001,20044,to_timestamp('06-DEC-15 04.50.22.529000000 PM','DD-MON-RR HH.MI.SSXFF AM'),3,1,1,to_timestamp('06-DEC-15 04.50.22.529000000 PM','DD-MON-RR HH.MI.SSXFF AM'),to_timestamp('06-DEC-15 04.50.22.529000000 PM','DD-MON-RR HH.MI.SSXFF AM'),to_timestamp('06-DEC-15 04.50.22.529000000 PM','DD-MON-RR HH.MI.SSXFF AM'));
Insert into TRAVEL_DOCUMENT (TRAVEL_DOCUMENT_ID,CLIENT_ID,PROJECT_ID,AGENT_ID,EMPLOYEE_ID,CREATED_DATE,MGR_STATUS,CFO_STATUS,FIN_STATUS,MGR_LAST_MODIFICATION,CFO_LAST_MODIFICATION,FIN_LAST_MODIFICATION) values (80045,50008,30001,40002,20045,to_timestamp('06-DEC-15 04.50.22.529000000 PM','DD-MON-RR HH.MI.SSXFF AM'),2,1,1,to_timestamp('06-DEC-15 04.50.22.529000000 PM','DD-MON-RR HH.MI.SSXFF AM'),to_timestamp('06-DEC-15 04.50.22.529000000 PM','DD-MON-RR HH.MI.SSXFF AM'),to_timestamp('06-DEC-15 04.50.22.529000000 PM','DD-MON-RR HH.MI.SSXFF AM'));
Insert into TRAVEL_DOCUMENT (TRAVEL_DOCUMENT_ID,CLIENT_ID,PROJECT_ID,AGENT_ID,EMPLOYEE_ID,CREATED_DATE,MGR_STATUS,CFO_STATUS,FIN_STATUS,MGR_LAST_MODIFICATION,CFO_LAST_MODIFICATION,FIN_LAST_MODIFICATION) values (80046,50000,30002,40000,20046,to_timestamp('06-DEC-15 04.50.22.529000000 PM','DD-MON-RR HH.MI.SSXFF AM'),3,3,3,to_timestamp('06-DEC-15 04.50.22.529000000 PM','DD-MON-RR HH.MI.SSXFF AM'),to_timestamp('06-DEC-15 04.50.22.529000000 PM','DD-MON-RR HH.MI.SSXFF AM'),to_timestamp('06-DEC-15 04.50.22.529000000 PM','DD-MON-RR HH.MI.SSXFF AM'));
Insert into TRAVEL_DOCUMENT (TRAVEL_DOCUMENT_ID,CLIENT_ID,PROJECT_ID,AGENT_ID,EMPLOYEE_ID,CREATED_DATE,MGR_STATUS,CFO_STATUS,FIN_STATUS,MGR_LAST_MODIFICATION,CFO_LAST_MODIFICATION,FIN_LAST_MODIFICATION) values (80047,50001,30003,40001,20047,to_timestamp('06-DEC-15 04.50.22.529000000 PM','DD-MON-RR HH.MI.SSXFF AM'),3,3,2,to_timestamp('06-DEC-15 04.50.22.529000000 PM','DD-MON-RR HH.MI.SSXFF AM'),to_timestamp('06-DEC-15 04.50.22.529000000 PM','DD-MON-RR HH.MI.SSXFF AM'),to_timestamp('06-DEC-15 04.50.22.529000000 PM','DD-MON-RR HH.MI.SSXFF AM'));
Insert into TRAVEL_DOCUMENT (TRAVEL_DOCUMENT_ID,CLIENT_ID,PROJECT_ID,AGENT_ID,EMPLOYEE_ID,CREATED_DATE,MGR_STATUS,CFO_STATUS,FIN_STATUS,MGR_LAST_MODIFICATION,CFO_LAST_MODIFICATION,FIN_LAST_MODIFICATION) values (80048,50002,30004,40002,20048,to_timestamp('06-DEC-15 04.50.22.529000000 PM','DD-MON-RR HH.MI.SSXFF AM'),3,3,3,to_timestamp('06-DEC-15 04.50.22.529000000 PM','DD-MON-RR HH.MI.SSXFF AM'),to_timestamp('06-DEC-15 04.50.22.529000000 PM','DD-MON-RR HH.MI.SSXFF AM'),to_timestamp('06-DEC-15 04.50.22.529000000 PM','DD-MON-RR HH.MI.SSXFF AM'));
Insert into TRAVEL_DOCUMENT (TRAVEL_DOCUMENT_ID,CLIENT_ID,PROJECT_ID,AGENT_ID,EMPLOYEE_ID,CREATED_DATE,MGR_STATUS,CFO_STATUS,FIN_STATUS,MGR_LAST_MODIFICATION,CFO_LAST_MODIFICATION,FIN_LAST_MODIFICATION) values (80049,50003,30005,40003,20049,to_timestamp('06-DEC-15 04.50.22.529000000 PM','DD-MON-RR HH.MI.SSXFF AM'),2,1,1,to_timestamp('06-DEC-15 04.50.22.529000000 PM','DD-MON-RR HH.MI.SSXFF AM'),to_timestamp('06-DEC-15 04.50.22.529000000 PM','DD-MON-RR HH.MI.SSXFF AM'),to_timestamp('06-DEC-15 04.50.22.529000000 PM','DD-MON-RR HH.MI.SSXFF AM'));
Insert into TRAVEL_DOCUMENT (TRAVEL_DOCUMENT_ID,CLIENT_ID,PROJECT_ID,AGENT_ID,EMPLOYEE_ID,CREATED_DATE,MGR_STATUS,CFO_STATUS,FIN_STATUS,MGR_LAST_MODIFICATION,CFO_LAST_MODIFICATION,FIN_LAST_MODIFICATION) values (80050,50004,30006,40000,20050,to_timestamp('06-DEC-15 04.50.22.607000000 PM','DD-MON-RR HH.MI.SSXFF AM'),1,1,1,to_timestamp('06-DEC-15 04.50.22.607000000 PM','DD-MON-RR HH.MI.SSXFF AM'),to_timestamp('06-DEC-15 04.50.22.607000000 PM','DD-MON-RR HH.MI.SSXFF AM'),to_timestamp('06-DEC-15 04.50.22.607000000 PM','DD-MON-RR HH.MI.SSXFF AM'));
Insert into TRAVEL_DOCUMENT (TRAVEL_DOCUMENT_ID,CLIENT_ID,PROJECT_ID,AGENT_ID,EMPLOYEE_ID,CREATED_DATE,MGR_STATUS,CFO_STATUS,FIN_STATUS,MGR_LAST_MODIFICATION,CFO_LAST_MODIFICATION,FIN_LAST_MODIFICATION) values (80051,50005,30007,40001,20051,to_timestamp('06-DEC-15 04.50.22.607000000 PM','DD-MON-RR HH.MI.SSXFF AM'),1,1,1,to_timestamp('06-DEC-15 04.50.22.607000000 PM','DD-MON-RR HH.MI.SSXFF AM'),to_timestamp('06-DEC-15 04.50.22.607000000 PM','DD-MON-RR HH.MI.SSXFF AM'),to_timestamp('06-DEC-15 04.50.22.607000000 PM','DD-MON-RR HH.MI.SSXFF AM'));
Insert into TRAVEL_DOCUMENT (TRAVEL_DOCUMENT_ID,CLIENT_ID,PROJECT_ID,AGENT_ID,EMPLOYEE_ID,CREATED_DATE,MGR_STATUS,CFO_STATUS,FIN_STATUS,MGR_LAST_MODIFICATION,CFO_LAST_MODIFICATION,FIN_LAST_MODIFICATION) values (80052,50006,30008,40000,20052,to_timestamp('06-DEC-15 04.50.22.607000000 PM','DD-MON-RR HH.MI.SSXFF AM'),3,3,3,to_timestamp('06-DEC-15 04.50.22.607000000 PM','DD-MON-RR HH.MI.SSXFF AM'),to_timestamp('06-DEC-15 04.50.22.607000000 PM','DD-MON-RR HH.MI.SSXFF AM'),to_timestamp('06-DEC-15 04.50.22.607000000 PM','DD-MON-RR HH.MI.SSXFF AM'));
Insert into TRAVEL_DOCUMENT (TRAVEL_DOCUMENT_ID,CLIENT_ID,PROJECT_ID,AGENT_ID,EMPLOYEE_ID,CREATED_DATE,MGR_STATUS,CFO_STATUS,FIN_STATUS,MGR_LAST_MODIFICATION,CFO_LAST_MODIFICATION,FIN_LAST_MODIFICATION) values (80053,50007,30009,40001,20053,to_timestamp('06-DEC-15 04.50.22.607000000 PM','DD-MON-RR HH.MI.SSXFF AM'),2,1,1,to_timestamp('06-DEC-15 04.50.22.607000000 PM','DD-MON-RR HH.MI.SSXFF AM'),to_timestamp('06-DEC-15 04.50.22.607000000 PM','DD-MON-RR HH.MI.SSXFF AM'),to_timestamp('06-DEC-15 04.50.22.607000000 PM','DD-MON-RR HH.MI.SSXFF AM'));
Insert into TRAVEL_DOCUMENT (TRAVEL_DOCUMENT_ID,CLIENT_ID,PROJECT_ID,AGENT_ID,EMPLOYEE_ID,CREATED_DATE,MGR_STATUS,CFO_STATUS,FIN_STATUS,MGR_LAST_MODIFICATION,CFO_LAST_MODIFICATION,FIN_LAST_MODIFICATION) values (80054,50008,30003,40002,20054,to_timestamp('06-DEC-15 04.50.22.607000000 PM','DD-MON-RR HH.MI.SSXFF AM'),2,1,1,to_timestamp('06-DEC-15 04.50.22.607000000 PM','DD-MON-RR HH.MI.SSXFF AM'),to_timestamp('06-DEC-15 04.50.22.607000000 PM','DD-MON-RR HH.MI.SSXFF AM'),to_timestamp('06-DEC-15 04.50.22.607000000 PM','DD-MON-RR HH.MI.SSXFF AM'));
Insert into TRAVEL_DOCUMENT (TRAVEL_DOCUMENT_ID,CLIENT_ID,PROJECT_ID,AGENT_ID,EMPLOYEE_ID,CREATED_DATE,MGR_STATUS,CFO_STATUS,FIN_STATUS,MGR_LAST_MODIFICATION,CFO_LAST_MODIFICATION,FIN_LAST_MODIFICATION) values (80055,50009,30004,40003,20055,to_timestamp('06-DEC-15 04.50.22.607000000 PM','DD-MON-RR HH.MI.SSXFF AM'),2,1,1,to_timestamp('06-DEC-15 04.50.22.607000000 PM','DD-MON-RR HH.MI.SSXFF AM'),to_timestamp('06-DEC-15 04.50.22.607000000 PM','DD-MON-RR HH.MI.SSXFF AM'),to_timestamp('06-DEC-15 04.50.22.607000000 PM','DD-MON-RR HH.MI.SSXFF AM'));
Insert into TRAVEL_DOCUMENT (TRAVEL_DOCUMENT_ID,CLIENT_ID,PROJECT_ID,AGENT_ID,EMPLOYEE_ID,CREATED_DATE,MGR_STATUS,CFO_STATUS,FIN_STATUS,MGR_LAST_MODIFICATION,CFO_LAST_MODIFICATION,FIN_LAST_MODIFICATION) values (80056,50000,30005,40000,20056,to_timestamp('06-DEC-15 04.50.22.607000000 PM','DD-MON-RR HH.MI.SSXFF AM'),3,3,3,to_timestamp('06-DEC-15 04.50.22.607000000 PM','DD-MON-RR HH.MI.SSXFF AM'),to_timestamp('06-DEC-15 04.50.22.607000000 PM','DD-MON-RR HH.MI.SSXFF AM'),to_timestamp('06-DEC-15 04.50.22.607000000 PM','DD-MON-RR HH.MI.SSXFF AM'));
Insert into TRAVEL_DOCUMENT (TRAVEL_DOCUMENT_ID,CLIENT_ID,PROJECT_ID,AGENT_ID,EMPLOYEE_ID,CREATED_DATE,MGR_STATUS,CFO_STATUS,FIN_STATUS,MGR_LAST_MODIFICATION,CFO_LAST_MODIFICATION,FIN_LAST_MODIFICATION) values (80057,50001,30006,40001,20057,to_timestamp('06-DEC-15 04.50.22.607000000 PM','DD-MON-RR HH.MI.SSXFF AM'),3,3,2,to_timestamp('06-DEC-15 04.50.22.607000000 PM','DD-MON-RR HH.MI.SSXFF AM'),to_timestamp('06-DEC-15 04.50.22.607000000 PM','DD-MON-RR HH.MI.SSXFF AM'),to_timestamp('06-DEC-15 04.50.22.607000000 PM','DD-MON-RR HH.MI.SSXFF AM'));
Insert into TRAVEL_DOCUMENT (TRAVEL_DOCUMENT_ID,CLIENT_ID,PROJECT_ID,AGENT_ID,EMPLOYEE_ID,CREATED_DATE,MGR_STATUS,CFO_STATUS,FIN_STATUS,MGR_LAST_MODIFICATION,CFO_LAST_MODIFICATION,FIN_LAST_MODIFICATION) values (80058,50002,30007,40002,20058,to_timestamp('06-DEC-15 04.50.22.607000000 PM','DD-MON-RR HH.MI.SSXFF AM'),3,3,2,to_timestamp('06-DEC-15 04.50.22.607000000 PM','DD-MON-RR HH.MI.SSXFF AM'),to_timestamp('06-DEC-15 04.50.22.607000000 PM','DD-MON-RR HH.MI.SSXFF AM'),to_timestamp('06-DEC-15 04.50.22.607000000 PM','DD-MON-RR HH.MI.SSXFF AM'));
Insert into TRAVEL_DOCUMENT (TRAVEL_DOCUMENT_ID,CLIENT_ID,PROJECT_ID,AGENT_ID,EMPLOYEE_ID,CREATED_DATE,MGR_STATUS,CFO_STATUS,FIN_STATUS,MGR_LAST_MODIFICATION,CFO_LAST_MODIFICATION,FIN_LAST_MODIFICATION) values (80059,50003,30003,40000,20059,to_timestamp('06-DEC-15 04.50.22.607000000 PM','DD-MON-RR HH.MI.SSXFF AM'),3,2,1,to_timestamp('06-DEC-15 04.50.22.607000000 PM','DD-MON-RR HH.MI.SSXFF AM'),to_timestamp('06-DEC-15 04.50.22.607000000 PM','DD-MON-RR HH.MI.SSXFF AM'),to_timestamp('06-DEC-15 04.50.22.607000000 PM','DD-MON-RR HH.MI.SSXFF AM'));
Insert into TRAVEL_DOCUMENT (TRAVEL_DOCUMENT_ID,CLIENT_ID,PROJECT_ID,AGENT_ID,EMPLOYEE_ID,CREATED_DATE,MGR_STATUS,CFO_STATUS,FIN_STATUS,MGR_LAST_MODIFICATION,CFO_LAST_MODIFICATION,FIN_LAST_MODIFICATION) values (80060,50004,30004,40001,20060,to_timestamp('06-DEC-15 04.50.22.607000000 PM','DD-MON-RR HH.MI.SSXFF AM'),3,2,3,to_timestamp('06-DEC-15 04.50.22.607000000 PM','DD-MON-RR HH.MI.SSXFF AM'),to_timestamp('06-DEC-15 04.50.22.607000000 PM','DD-MON-RR HH.MI.SSXFF AM'),to_timestamp('06-DEC-15 04.50.22.607000000 PM','DD-MON-RR HH.MI.SSXFF AM'));
Insert into TRAVEL_DOCUMENT (TRAVEL_DOCUMENT_ID,CLIENT_ID,PROJECT_ID,AGENT_ID,EMPLOYEE_ID,CREATED_DATE,MGR_STATUS,CFO_STATUS,FIN_STATUS,MGR_LAST_MODIFICATION,CFO_LAST_MODIFICATION,FIN_LAST_MODIFICATION) values (80061,50005,30005,40002,20061,to_timestamp('06-DEC-15 04.50.22.607000000 PM','DD-MON-RR HH.MI.SSXFF AM'),3,2,1,to_timestamp('06-DEC-15 04.50.22.607000000 PM','DD-MON-RR HH.MI.SSXFF AM'),to_timestamp('06-DEC-15 04.50.22.607000000 PM','DD-MON-RR HH.MI.SSXFF AM'),to_timestamp('06-DEC-15 04.50.22.607000000 PM','DD-MON-RR HH.MI.SSXFF AM'));
Insert into TRAVEL_DOCUMENT (TRAVEL_DOCUMENT_ID,CLIENT_ID,PROJECT_ID,AGENT_ID,EMPLOYEE_ID,CREATED_DATE,MGR_STATUS,CFO_STATUS,FIN_STATUS,MGR_LAST_MODIFICATION,CFO_LAST_MODIFICATION,FIN_LAST_MODIFICATION) values (80062,50006,30006,40003,20062,to_timestamp('06-DEC-15 04.50.22.607000000 PM','DD-MON-RR HH.MI.SSXFF AM'),3,3,3,to_timestamp('06-DEC-15 04.50.22.607000000 PM','DD-MON-RR HH.MI.SSXFF AM'),to_timestamp('06-DEC-15 04.50.22.607000000 PM','DD-MON-RR HH.MI.SSXFF AM'),to_timestamp('06-DEC-15 04.50.22.607000000 PM','DD-MON-RR HH.MI.SSXFF AM'));
Insert into TRAVEL_DOCUMENT (TRAVEL_DOCUMENT_ID,CLIENT_ID,PROJECT_ID,AGENT_ID,EMPLOYEE_ID,CREATED_DATE,MGR_STATUS,CFO_STATUS,FIN_STATUS,MGR_LAST_MODIFICATION,CFO_LAST_MODIFICATION,FIN_LAST_MODIFICATION) values (80063,50007,30007,40000,20063,to_timestamp('06-DEC-15 04.50.22.607000000 PM','DD-MON-RR HH.MI.SSXFF AM'),3,3,2,to_timestamp('06-DEC-15 04.50.22.607000000 PM','DD-MON-RR HH.MI.SSXFF AM'),to_timestamp('06-DEC-15 04.50.22.607000000 PM','DD-MON-RR HH.MI.SSXFF AM'),to_timestamp('06-DEC-15 04.50.22.607000000 PM','DD-MON-RR HH.MI.SSXFF AM'));
Insert into TRAVEL_DOCUMENT (TRAVEL_DOCUMENT_ID,CLIENT_ID,PROJECT_ID,AGENT_ID,EMPLOYEE_ID,CREATED_DATE,MGR_STATUS,CFO_STATUS,FIN_STATUS,MGR_LAST_MODIFICATION,CFO_LAST_MODIFICATION,FIN_LAST_MODIFICATION) values (80064,50008,30000,40001,20064,to_timestamp('06-DEC-15 04.50.22.607000000 PM','DD-MON-RR HH.MI.SSXFF AM'),2,1,1,to_timestamp('06-DEC-15 04.50.22.607000000 PM','DD-MON-RR HH.MI.SSXFF AM'),to_timestamp('06-DEC-15 04.50.22.607000000 PM','DD-MON-RR HH.MI.SSXFF AM'),to_timestamp('06-DEC-15 04.50.22.607000000 PM','DD-MON-RR HH.MI.SSXFF AM'));
Insert into TRAVEL_DOCUMENT (TRAVEL_DOCUMENT_ID,CLIENT_ID,PROJECT_ID,AGENT_ID,EMPLOYEE_ID,CREATED_DATE,MGR_STATUS,CFO_STATUS,FIN_STATUS,MGR_LAST_MODIFICATION,CFO_LAST_MODIFICATION,FIN_LAST_MODIFICATION) values (80065,50000,30001,40000,20065,to_timestamp('06-DEC-15 04.50.22.607000000 PM','DD-MON-RR HH.MI.SSXFF AM'),2,1,1,to_timestamp('06-DEC-15 04.50.22.607000000 PM','DD-MON-RR HH.MI.SSXFF AM'),to_timestamp('06-DEC-15 04.50.22.607000000 PM','DD-MON-RR HH.MI.SSXFF AM'),to_timestamp('06-DEC-15 04.50.22.607000000 PM','DD-MON-RR HH.MI.SSXFF AM'));
Insert into TRAVEL_DOCUMENT (TRAVEL_DOCUMENT_ID,CLIENT_ID,PROJECT_ID,AGENT_ID,EMPLOYEE_ID,CREATED_DATE,MGR_STATUS,CFO_STATUS,FIN_STATUS,MGR_LAST_MODIFICATION,CFO_LAST_MODIFICATION,FIN_LAST_MODIFICATION) values (80066,50001,30002,40001,20066,to_timestamp('06-DEC-15 04.50.22.607000000 PM','DD-MON-RR HH.MI.SSXFF AM'),2,1,1,to_timestamp('06-DEC-15 04.50.22.607000000 PM','DD-MON-RR HH.MI.SSXFF AM'),to_timestamp('06-DEC-15 04.50.22.607000000 PM','DD-MON-RR HH.MI.SSXFF AM'),to_timestamp('06-DEC-15 04.50.22.607000000 PM','DD-MON-RR HH.MI.SSXFF AM'));
Insert into TRAVEL_DOCUMENT (TRAVEL_DOCUMENT_ID,CLIENT_ID,PROJECT_ID,AGENT_ID,EMPLOYEE_ID,CREATED_DATE,MGR_STATUS,CFO_STATUS,FIN_STATUS,MGR_LAST_MODIFICATION,CFO_LAST_MODIFICATION,FIN_LAST_MODIFICATION) values (80067,50002,30003,40001,20067,to_timestamp('06-DEC-15 04.50.22.607000000 PM','DD-MON-RR HH.MI.SSXFF AM'),3,2,1,to_timestamp('06-DEC-15 04.50.22.607000000 PM','DD-MON-RR HH.MI.SSXFF AM'),to_timestamp('06-DEC-15 04.50.22.607000000 PM','DD-MON-RR HH.MI.SSXFF AM'),to_timestamp('06-DEC-15 04.50.22.607000000 PM','DD-MON-RR HH.MI.SSXFF AM'));
Insert into TRAVEL_DOCUMENT (TRAVEL_DOCUMENT_ID,CLIENT_ID,PROJECT_ID,AGENT_ID,EMPLOYEE_ID,CREATED_DATE,MGR_STATUS,CFO_STATUS,FIN_STATUS,MGR_LAST_MODIFICATION,CFO_LAST_MODIFICATION,FIN_LAST_MODIFICATION) values (80068,50003,30004,40002,20068,to_timestamp('06-DEC-15 04.50.22.607000000 PM','DD-MON-RR HH.MI.SSXFF AM'),3,2,1,to_timestamp('06-DEC-15 04.50.22.607000000 PM','DD-MON-RR HH.MI.SSXFF AM'),to_timestamp('06-DEC-15 04.50.22.607000000 PM','DD-MON-RR HH.MI.SSXFF AM'),to_timestamp('06-DEC-15 04.50.22.607000000 PM','DD-MON-RR HH.MI.SSXFF AM'));
Insert into TRAVEL_DOCUMENT (TRAVEL_DOCUMENT_ID,CLIENT_ID,PROJECT_ID,AGENT_ID,EMPLOYEE_ID,CREATED_DATE,MGR_STATUS,CFO_STATUS,FIN_STATUS,MGR_LAST_MODIFICATION,CFO_LAST_MODIFICATION,FIN_LAST_MODIFICATION) values (80069,50004,30003,40003,20069,to_timestamp('06-DEC-15 04.50.22.607000000 PM','DD-MON-RR HH.MI.SSXFF AM'),3,2,1,to_timestamp('06-DEC-15 04.50.22.607000000 PM','DD-MON-RR HH.MI.SSXFF AM'),to_timestamp('06-DEC-15 04.50.22.607000000 PM','DD-MON-RR HH.MI.SSXFF AM'),to_timestamp('06-DEC-15 04.50.22.607000000 PM','DD-MON-RR HH.MI.SSXFF AM'));
Insert into TRAVEL_DOCUMENT (TRAVEL_DOCUMENT_ID,CLIENT_ID,PROJECT_ID,AGENT_ID,EMPLOYEE_ID,CREATED_DATE,MGR_STATUS,CFO_STATUS,FIN_STATUS,MGR_LAST_MODIFICATION,CFO_LAST_MODIFICATION,FIN_LAST_MODIFICATION) values (80070,50005,30004,40000,20070,to_timestamp('06-DEC-15 04.50.22.607000000 PM','DD-MON-RR HH.MI.SSXFF AM'),3,3,2,to_timestamp('06-DEC-15 04.50.22.607000000 PM','DD-MON-RR HH.MI.SSXFF AM'),to_timestamp('06-DEC-15 04.50.22.607000000 PM','DD-MON-RR HH.MI.SSXFF AM'),to_timestamp('06-DEC-15 04.50.22.607000000 PM','DD-MON-RR HH.MI.SSXFF AM'));
Insert into TRAVEL_DOCUMENT (TRAVEL_DOCUMENT_ID,CLIENT_ID,PROJECT_ID,AGENT_ID,EMPLOYEE_ID,CREATED_DATE,MGR_STATUS,CFO_STATUS,FIN_STATUS,MGR_LAST_MODIFICATION,CFO_LAST_MODIFICATION,FIN_LAST_MODIFICATION) values (80071,50006,30005,40001,20071,to_timestamp('06-DEC-15 04.50.22.607000000 PM','DD-MON-RR HH.MI.SSXFF AM'),3,3,2,to_timestamp('06-DEC-15 04.50.22.607000000 PM','DD-MON-RR HH.MI.SSXFF AM'),to_timestamp('06-DEC-15 04.50.22.607000000 PM','DD-MON-RR HH.MI.SSXFF AM'),to_timestamp('06-DEC-15 04.50.22.607000000 PM','DD-MON-RR HH.MI.SSXFF AM'));
Insert into TRAVEL_DOCUMENT (TRAVEL_DOCUMENT_ID,CLIENT_ID,PROJECT_ID,AGENT_ID,EMPLOYEE_ID,CREATED_DATE,MGR_STATUS,CFO_STATUS,FIN_STATUS,MGR_LAST_MODIFICATION,CFO_LAST_MODIFICATION,FIN_LAST_MODIFICATION) values (80072,50007,30006,40000,20072,to_timestamp('06-DEC-15 04.50.22.607000000 PM','DD-MON-RR HH.MI.SSXFF AM'),3,3,3,to_timestamp('06-DEC-15 04.50.22.607000000 PM','DD-MON-RR HH.MI.SSXFF AM'),to_timestamp('06-DEC-15 04.50.22.607000000 PM','DD-MON-RR HH.MI.SSXFF AM'),to_timestamp('06-DEC-15 04.50.22.607000000 PM','DD-MON-RR HH.MI.SSXFF AM'));
Insert into TRAVEL_DOCUMENT (TRAVEL_DOCUMENT_ID,CLIENT_ID,PROJECT_ID,AGENT_ID,EMPLOYEE_ID,CREATED_DATE,MGR_STATUS,CFO_STATUS,FIN_STATUS,MGR_LAST_MODIFICATION,CFO_LAST_MODIFICATION,FIN_LAST_MODIFICATION) values (80073,50008,30007,40001,20073,to_timestamp('06-DEC-15 04.50.22.607000000 PM','DD-MON-RR HH.MI.SSXFF AM'),3,3,3,to_timestamp('06-DEC-15 04.50.22.607000000 PM','DD-MON-RR HH.MI.SSXFF AM'),to_timestamp('06-DEC-15 04.50.22.607000000 PM','DD-MON-RR HH.MI.SSXFF AM'),to_timestamp('06-DEC-15 04.50.22.607000000 PM','DD-MON-RR HH.MI.SSXFF AM'));
Insert into TRAVEL_DOCUMENT (TRAVEL_DOCUMENT_ID,CLIENT_ID,PROJECT_ID,AGENT_ID,EMPLOYEE_ID,CREATED_DATE,MGR_STATUS,CFO_STATUS,FIN_STATUS,MGR_LAST_MODIFICATION,CFO_LAST_MODIFICATION,FIN_LAST_MODIFICATION) values (80074,50009,30000,40002,20074,to_timestamp('06-DEC-15 04.50.22.607000000 PM','DD-MON-RR HH.MI.SSXFF AM'),2,1,1,to_timestamp('06-DEC-15 04.50.22.607000000 PM','DD-MON-RR HH.MI.SSXFF AM'),to_timestamp('06-DEC-15 04.50.22.607000000 PM','DD-MON-RR HH.MI.SSXFF AM'),to_timestamp('06-DEC-15 04.50.22.607000000 PM','DD-MON-RR HH.MI.SSXFF AM'));
Insert into TRAVEL_DOCUMENT (TRAVEL_DOCUMENT_ID,CLIENT_ID,PROJECT_ID,AGENT_ID,EMPLOYEE_ID,CREATED_DATE,MGR_STATUS,CFO_STATUS,FIN_STATUS,MGR_LAST_MODIFICATION,CFO_LAST_MODIFICATION,FIN_LAST_MODIFICATION) values (80075,50000,30001,40003,20075,to_timestamp('06-DEC-15 04.50.22.607000000 PM','DD-MON-RR HH.MI.SSXFF AM'),2,1,1,to_timestamp('06-DEC-15 04.50.22.607000000 PM','DD-MON-RR HH.MI.SSXFF AM'),to_timestamp('06-DEC-15 04.50.22.607000000 PM','DD-MON-RR HH.MI.SSXFF AM'),to_timestamp('06-DEC-15 04.50.22.607000000 PM','DD-MON-RR HH.MI.SSXFF AM'));
Insert into TRAVEL_DOCUMENT (TRAVEL_DOCUMENT_ID,CLIENT_ID,PROJECT_ID,AGENT_ID,EMPLOYEE_ID,CREATED_DATE,MGR_STATUS,CFO_STATUS,FIN_STATUS,MGR_LAST_MODIFICATION,CFO_LAST_MODIFICATION,FIN_LAST_MODIFICATION) values (80076,50001,30002,40000,20076,to_timestamp('06-DEC-15 04.50.22.607000000 PM','DD-MON-RR HH.MI.SSXFF AM'),3,2,1,to_timestamp('06-DEC-15 04.50.22.607000000 PM','DD-MON-RR HH.MI.SSXFF AM'),to_timestamp('06-DEC-15 04.50.22.607000000 PM','DD-MON-RR HH.MI.SSXFF AM'),to_timestamp('06-DEC-15 04.50.22.607000000 PM','DD-MON-RR HH.MI.SSXFF AM'));
Insert into TRAVEL_DOCUMENT (TRAVEL_DOCUMENT_ID,CLIENT_ID,PROJECT_ID,AGENT_ID,EMPLOYEE_ID,CREATED_DATE,MGR_STATUS,CFO_STATUS,FIN_STATUS,MGR_LAST_MODIFICATION,CFO_LAST_MODIFICATION,FIN_LAST_MODIFICATION) values (80077,50002,30003,40001,20077,to_timestamp('06-DEC-15 04.50.22.607000000 PM','DD-MON-RR HH.MI.SSXFF AM'),3,3,2,to_timestamp('06-DEC-15 04.50.22.607000000 PM','DD-MON-RR HH.MI.SSXFF AM'),to_timestamp('06-DEC-15 04.50.22.607000000 PM','DD-MON-RR HH.MI.SSXFF AM'),to_timestamp('06-DEC-15 04.50.22.607000000 PM','DD-MON-RR HH.MI.SSXFF AM'));
Insert into TRAVEL_DOCUMENT (TRAVEL_DOCUMENT_ID,CLIENT_ID,PROJECT_ID,AGENT_ID,EMPLOYEE_ID,CREATED_DATE,MGR_STATUS,CFO_STATUS,FIN_STATUS,MGR_LAST_MODIFICATION,CFO_LAST_MODIFICATION,FIN_LAST_MODIFICATION) values (80078,50003,30004,40002,20078,to_timestamp('06-DEC-15 04.50.22.607000000 PM','DD-MON-RR HH.MI.SSXFF AM'),3,3,3,to_timestamp('06-DEC-15 04.50.22.607000000 PM','DD-MON-RR HH.MI.SSXFF AM'),to_timestamp('06-DEC-15 04.50.22.607000000 PM','DD-MON-RR HH.MI.SSXFF AM'),to_timestamp('06-DEC-15 04.50.22.607000000 PM','DD-MON-RR HH.MI.SSXFF AM'));
Insert into TRAVEL_DOCUMENT (TRAVEL_DOCUMENT_ID,CLIENT_ID,PROJECT_ID,AGENT_ID,EMPLOYEE_ID,CREATED_DATE,MGR_STATUS,CFO_STATUS,FIN_STATUS,MGR_LAST_MODIFICATION,CFO_LAST_MODIFICATION,FIN_LAST_MODIFICATION) values (80079,50004,30003,40000,20079,to_timestamp('06-DEC-15 04.50.22.607000000 PM','DD-MON-RR HH.MI.SSXFF AM'),3,3,3,to_timestamp('06-DEC-15 04.50.22.607000000 PM','DD-MON-RR HH.MI.SSXFF AM'),to_timestamp('06-DEC-15 04.50.22.607000000 PM','DD-MON-RR HH.MI.SSXFF AM'),to_timestamp('06-DEC-15 04.50.22.607000000 PM','DD-MON-RR HH.MI.SSXFF AM'));
Insert into TRAVEL_DOCUMENT (TRAVEL_DOCUMENT_ID,CLIENT_ID,PROJECT_ID,AGENT_ID,EMPLOYEE_ID,CREATED_DATE,MGR_STATUS,CFO_STATUS,FIN_STATUS,MGR_LAST_MODIFICATION,CFO_LAST_MODIFICATION,FIN_LAST_MODIFICATION) values (80080,50005,30004,40001,20080,to_timestamp('06-DEC-15 04.50.22.607000000 PM','DD-MON-RR HH.MI.SSXFF AM'),2,1,1,to_timestamp('06-DEC-15 04.50.22.607000000 PM','DD-MON-RR HH.MI.SSXFF AM'),to_timestamp('06-DEC-15 04.50.22.607000000 PM','DD-MON-RR HH.MI.SSXFF AM'),to_timestamp('06-DEC-15 04.50.22.607000000 PM','DD-MON-RR HH.MI.SSXFF AM'));
Insert into TRAVEL_DOCUMENT (TRAVEL_DOCUMENT_ID,CLIENT_ID,PROJECT_ID,AGENT_ID,EMPLOYEE_ID,CREATED_DATE,MGR_STATUS,CFO_STATUS,FIN_STATUS,MGR_LAST_MODIFICATION,CFO_LAST_MODIFICATION,FIN_LAST_MODIFICATION) values (80081,50006,30005,40002,20081,to_timestamp('06-DEC-15 04.50.22.607000000 PM','DD-MON-RR HH.MI.SSXFF AM'),1,1,1,to_timestamp('06-DEC-15 04.50.22.607000000 PM','DD-MON-RR HH.MI.SSXFF AM'),to_timestamp('06-DEC-15 04.50.22.607000000 PM','DD-MON-RR HH.MI.SSXFF AM'),to_timestamp('06-DEC-15 04.50.22.607000000 PM','DD-MON-RR HH.MI.SSXFF AM'));
Insert into TRAVEL_DOCUMENT (TRAVEL_DOCUMENT_ID,CLIENT_ID,PROJECT_ID,AGENT_ID,EMPLOYEE_ID,CREATED_DATE,MGR_STATUS,CFO_STATUS,FIN_STATUS,MGR_LAST_MODIFICATION,CFO_LAST_MODIFICATION,FIN_LAST_MODIFICATION) values (80082,50007,30006,40003,20082,to_timestamp('06-DEC-15 04.50.22.607000000 PM','DD-MON-RR HH.MI.SSXFF AM'),1,1,1,to_timestamp('06-DEC-15 04.50.22.607000000 PM','DD-MON-RR HH.MI.SSXFF AM'),to_timestamp('06-DEC-15 04.50.22.607000000 PM','DD-MON-RR HH.MI.SSXFF AM'),to_timestamp('06-DEC-15 04.50.22.607000000 PM','DD-MON-RR HH.MI.SSXFF AM'));
Insert into TRAVEL_DOCUMENT (TRAVEL_DOCUMENT_ID,CLIENT_ID,PROJECT_ID,AGENT_ID,EMPLOYEE_ID,CREATED_DATE,MGR_STATUS,CFO_STATUS,FIN_STATUS,MGR_LAST_MODIFICATION,CFO_LAST_MODIFICATION,FIN_LAST_MODIFICATION) values (80083,50008,30007,40000,20083,to_timestamp('06-DEC-15 04.50.22.607000000 PM','DD-MON-RR HH.MI.SSXFF AM'),3,1,1,to_timestamp('06-DEC-15 04.50.22.607000000 PM','DD-MON-RR HH.MI.SSXFF AM'),to_timestamp('06-DEC-15 04.50.22.607000000 PM','DD-MON-RR HH.MI.SSXFF AM'),to_timestamp('06-DEC-15 04.50.22.607000000 PM','DD-MON-RR HH.MI.SSXFF AM'));
REM INSERTING into TRAVEL_REQUEST
SET DEFINE OFF;
Insert into TRAVEL_REQUEST (TRAVEL_DOCUMENT_ID,EST_TRAVEL_COST,EST_HOTEL_COST,EST_OTHER_COST) values (80000,281,547,136);
Insert into TRAVEL_REQUEST (TRAVEL_DOCUMENT_ID,EST_TRAVEL_COST,EST_HOTEL_COST,EST_OTHER_COST) values (80001,686,478,81);
Insert into TRAVEL_REQUEST (TRAVEL_DOCUMENT_ID,EST_TRAVEL_COST,EST_HOTEL_COST,EST_OTHER_COST) values (80002,859,476,690);
Insert into TRAVEL_REQUEST (TRAVEL_DOCUMENT_ID,EST_TRAVEL_COST,EST_HOTEL_COST,EST_OTHER_COST) values (80003,653,148,370);
Insert into TRAVEL_REQUEST (TRAVEL_DOCUMENT_ID,EST_TRAVEL_COST,EST_HOTEL_COST,EST_OTHER_COST) values (80004,361,676,149);
Insert into TRAVEL_REQUEST (TRAVEL_DOCUMENT_ID,EST_TRAVEL_COST,EST_HOTEL_COST,EST_OTHER_COST) values (80005,893,494,769);
Insert into TRAVEL_REQUEST (TRAVEL_DOCUMENT_ID,EST_TRAVEL_COST,EST_HOTEL_COST,EST_OTHER_COST) values (80006,70,656,16);
Insert into TRAVEL_REQUEST (TRAVEL_DOCUMENT_ID,EST_TRAVEL_COST,EST_HOTEL_COST,EST_OTHER_COST) values (80007,561,889,971);
Insert into TRAVEL_REQUEST (TRAVEL_DOCUMENT_ID,EST_TRAVEL_COST,EST_HOTEL_COST,EST_OTHER_COST) values (80008,199,81,817);
Insert into TRAVEL_REQUEST (TRAVEL_DOCUMENT_ID,EST_TRAVEL_COST,EST_HOTEL_COST,EST_OTHER_COST) values (80009,980,711,110);
Insert into TRAVEL_REQUEST (TRAVEL_DOCUMENT_ID,EST_TRAVEL_COST,EST_HOTEL_COST,EST_OTHER_COST) values (80010,452,537,231);
Insert into TRAVEL_REQUEST (TRAVEL_DOCUMENT_ID,EST_TRAVEL_COST,EST_HOTEL_COST,EST_OTHER_COST) values (80011,13,350,773);
Insert into TRAVEL_REQUEST (TRAVEL_DOCUMENT_ID,EST_TRAVEL_COST,EST_HOTEL_COST,EST_OTHER_COST) values (80012,106,710,699);
Insert into TRAVEL_REQUEST (TRAVEL_DOCUMENT_ID,EST_TRAVEL_COST,EST_HOTEL_COST,EST_OTHER_COST) values (80013,705,210,986);
Insert into TRAVEL_REQUEST (TRAVEL_DOCUMENT_ID,EST_TRAVEL_COST,EST_HOTEL_COST,EST_OTHER_COST) values (80014,754,334,679);
Insert into TRAVEL_REQUEST (TRAVEL_DOCUMENT_ID,EST_TRAVEL_COST,EST_HOTEL_COST,EST_OTHER_COST) values (80015,224,953,154);
Insert into TRAVEL_REQUEST (TRAVEL_DOCUMENT_ID,EST_TRAVEL_COST,EST_HOTEL_COST,EST_OTHER_COST) values (80016,609,957,870);
Insert into TRAVEL_REQUEST (TRAVEL_DOCUMENT_ID,EST_TRAVEL_COST,EST_HOTEL_COST,EST_OTHER_COST) values (80017,105,98,648);
Insert into TRAVEL_REQUEST (TRAVEL_DOCUMENT_ID,EST_TRAVEL_COST,EST_HOTEL_COST,EST_OTHER_COST) values (80018,171,156,910);
Insert into TRAVEL_REQUEST (TRAVEL_DOCUMENT_ID,EST_TRAVEL_COST,EST_HOTEL_COST,EST_OTHER_COST) values (80019,364,255,550);
Insert into TRAVEL_REQUEST (TRAVEL_DOCUMENT_ID,EST_TRAVEL_COST,EST_HOTEL_COST,EST_OTHER_COST) values (80020,511,963,391);
Insert into TRAVEL_REQUEST (TRAVEL_DOCUMENT_ID,EST_TRAVEL_COST,EST_HOTEL_COST,EST_OTHER_COST) values (80021,519,469,558);
Insert into TRAVEL_REQUEST (TRAVEL_DOCUMENT_ID,EST_TRAVEL_COST,EST_HOTEL_COST,EST_OTHER_COST) values (80022,268,510,341);
Insert into TRAVEL_REQUEST (TRAVEL_DOCUMENT_ID,EST_TRAVEL_COST,EST_HOTEL_COST,EST_OTHER_COST) values (80023,785,997,187);
Insert into TRAVEL_REQUEST (TRAVEL_DOCUMENT_ID,EST_TRAVEL_COST,EST_HOTEL_COST,EST_OTHER_COST) values (80024,650,150,310);
Insert into TRAVEL_REQUEST (TRAVEL_DOCUMENT_ID,EST_TRAVEL_COST,EST_HOTEL_COST,EST_OTHER_COST) values (80025,179,857,162);
Insert into TRAVEL_REQUEST (TRAVEL_DOCUMENT_ID,EST_TRAVEL_COST,EST_HOTEL_COST,EST_OTHER_COST) values (80026,723,985,366);
Insert into TRAVEL_REQUEST (TRAVEL_DOCUMENT_ID,EST_TRAVEL_COST,EST_HOTEL_COST,EST_OTHER_COST) values (80027,103,219,771);
Insert into TRAVEL_REQUEST (TRAVEL_DOCUMENT_ID,EST_TRAVEL_COST,EST_HOTEL_COST,EST_OTHER_COST) values (80028,964,221,375);
Insert into TRAVEL_REQUEST (TRAVEL_DOCUMENT_ID,EST_TRAVEL_COST,EST_HOTEL_COST,EST_OTHER_COST) values (80029,141,254,155);
Insert into TRAVEL_REQUEST (TRAVEL_DOCUMENT_ID,EST_TRAVEL_COST,EST_HOTEL_COST,EST_OTHER_COST) values (80030,262,383,533);
Insert into TRAVEL_REQUEST (TRAVEL_DOCUMENT_ID,EST_TRAVEL_COST,EST_HOTEL_COST,EST_OTHER_COST) values (80031,130,716,36);
Insert into TRAVEL_REQUEST (TRAVEL_DOCUMENT_ID,EST_TRAVEL_COST,EST_HOTEL_COST,EST_OTHER_COST) values (80032,658,624,897);
Insert into TRAVEL_REQUEST (TRAVEL_DOCUMENT_ID,EST_TRAVEL_COST,EST_HOTEL_COST,EST_OTHER_COST) values (80033,663,728,404);
Insert into TRAVEL_REQUEST (TRAVEL_DOCUMENT_ID,EST_TRAVEL_COST,EST_HOTEL_COST,EST_OTHER_COST) values (80034,647,597,102);
Insert into TRAVEL_REQUEST (TRAVEL_DOCUMENT_ID,EST_TRAVEL_COST,EST_HOTEL_COST,EST_OTHER_COST) values (80035,763,329,247);
Insert into TRAVEL_REQUEST (TRAVEL_DOCUMENT_ID,EST_TRAVEL_COST,EST_HOTEL_COST,EST_OTHER_COST) values (80036,137,271,883);
Insert into TRAVEL_REQUEST (TRAVEL_DOCUMENT_ID,EST_TRAVEL_COST,EST_HOTEL_COST,EST_OTHER_COST) values (80037,341,579,785);
Insert into TRAVEL_REQUEST (TRAVEL_DOCUMENT_ID,EST_TRAVEL_COST,EST_HOTEL_COST,EST_OTHER_COST) values (80038,118,108,66);
Insert into TRAVEL_REQUEST (TRAVEL_DOCUMENT_ID,EST_TRAVEL_COST,EST_HOTEL_COST,EST_OTHER_COST) values (80039,621,465,875);
Insert into TRAVEL_REQUEST (TRAVEL_DOCUMENT_ID,EST_TRAVEL_COST,EST_HOTEL_COST,EST_OTHER_COST) values (80040,465,707,507);
Insert into TRAVEL_REQUEST (TRAVEL_DOCUMENT_ID,EST_TRAVEL_COST,EST_HOTEL_COST,EST_OTHER_COST) values (80041,935,555,270);
Insert into TRAVEL_REQUEST (TRAVEL_DOCUMENT_ID,EST_TRAVEL_COST,EST_HOTEL_COST,EST_OTHER_COST) values (80042,57,67,537);
Insert into TRAVEL_REQUEST (TRAVEL_DOCUMENT_ID,EST_TRAVEL_COST,EST_HOTEL_COST,EST_OTHER_COST) values (80043,366,312,545);
Insert into TRAVEL_REQUEST (TRAVEL_DOCUMENT_ID,EST_TRAVEL_COST,EST_HOTEL_COST,EST_OTHER_COST) values (80044,971,791,462);
Insert into TRAVEL_REQUEST (TRAVEL_DOCUMENT_ID,EST_TRAVEL_COST,EST_HOTEL_COST,EST_OTHER_COST) values (80045,166,523,863);
Insert into TRAVEL_REQUEST (TRAVEL_DOCUMENT_ID,EST_TRAVEL_COST,EST_HOTEL_COST,EST_OTHER_COST) values (80046,202,263,361);
Insert into TRAVEL_REQUEST (TRAVEL_DOCUMENT_ID,EST_TRAVEL_COST,EST_HOTEL_COST,EST_OTHER_COST) values (80047,341,733,490);
Insert into TRAVEL_REQUEST (TRAVEL_DOCUMENT_ID,EST_TRAVEL_COST,EST_HOTEL_COST,EST_OTHER_COST) values (80048,511,845,237);
Insert into TRAVEL_REQUEST (TRAVEL_DOCUMENT_ID,EST_TRAVEL_COST,EST_HOTEL_COST,EST_OTHER_COST) values (80049,307,143,70);
Insert into TRAVEL_REQUEST (TRAVEL_DOCUMENT_ID,EST_TRAVEL_COST,EST_HOTEL_COST,EST_OTHER_COST) values (80050,739,114,717);
Insert into TRAVEL_REQUEST (TRAVEL_DOCUMENT_ID,EST_TRAVEL_COST,EST_HOTEL_COST,EST_OTHER_COST) values (80051,214,15,188);
Insert into TRAVEL_REQUEST (TRAVEL_DOCUMENT_ID,EST_TRAVEL_COST,EST_HOTEL_COST,EST_OTHER_COST) values (80052,957,258,686);
Insert into TRAVEL_REQUEST (TRAVEL_DOCUMENT_ID,EST_TRAVEL_COST,EST_HOTEL_COST,EST_OTHER_COST) values (80053,78,324,774);
Insert into TRAVEL_REQUEST (TRAVEL_DOCUMENT_ID,EST_TRAVEL_COST,EST_HOTEL_COST,EST_OTHER_COST) values (80054,326,236,153);
Insert into TRAVEL_REQUEST (TRAVEL_DOCUMENT_ID,EST_TRAVEL_COST,EST_HOTEL_COST,EST_OTHER_COST) values (80055,391,360,929);
Insert into TRAVEL_REQUEST (TRAVEL_DOCUMENT_ID,EST_TRAVEL_COST,EST_HOTEL_COST,EST_OTHER_COST) values (80056,223,720,102);
Insert into TRAVEL_REQUEST (TRAVEL_DOCUMENT_ID,EST_TRAVEL_COST,EST_HOTEL_COST,EST_OTHER_COST) values (80057,421,717,378);
Insert into TRAVEL_REQUEST (TRAVEL_DOCUMENT_ID,EST_TRAVEL_COST,EST_HOTEL_COST,EST_OTHER_COST) values (80058,870,773,474);
Insert into TRAVEL_REQUEST (TRAVEL_DOCUMENT_ID,EST_TRAVEL_COST,EST_HOTEL_COST,EST_OTHER_COST) values (80059,673,163,561);
Insert into TRAVEL_REQUEST (TRAVEL_DOCUMENT_ID,EST_TRAVEL_COST,EST_HOTEL_COST,EST_OTHER_COST) values (80060,639,872,757);
Insert into TRAVEL_REQUEST (TRAVEL_DOCUMENT_ID,EST_TRAVEL_COST,EST_HOTEL_COST,EST_OTHER_COST) values (80061,218,764,225);
Insert into TRAVEL_REQUEST (TRAVEL_DOCUMENT_ID,EST_TRAVEL_COST,EST_HOTEL_COST,EST_OTHER_COST) values (80062,426,669,233);
Insert into TRAVEL_REQUEST (TRAVEL_DOCUMENT_ID,EST_TRAVEL_COST,EST_HOTEL_COST,EST_OTHER_COST) values (80063,617,277,385);
Insert into TRAVEL_REQUEST (TRAVEL_DOCUMENT_ID,EST_TRAVEL_COST,EST_HOTEL_COST,EST_OTHER_COST) values (80064,742,742,998);
Insert into TRAVEL_REQUEST (TRAVEL_DOCUMENT_ID,EST_TRAVEL_COST,EST_HOTEL_COST,EST_OTHER_COST) values (80065,504,568,887);
Insert into TRAVEL_REQUEST (TRAVEL_DOCUMENT_ID,EST_TRAVEL_COST,EST_HOTEL_COST,EST_OTHER_COST) values (80066,127,311,434);
Insert into TRAVEL_REQUEST (TRAVEL_DOCUMENT_ID,EST_TRAVEL_COST,EST_HOTEL_COST,EST_OTHER_COST) values (80067,903,405,650);
Insert into TRAVEL_REQUEST (TRAVEL_DOCUMENT_ID,EST_TRAVEL_COST,EST_HOTEL_COST,EST_OTHER_COST) values (80068,596,211,463);
Insert into TRAVEL_REQUEST (TRAVEL_DOCUMENT_ID,EST_TRAVEL_COST,EST_HOTEL_COST,EST_OTHER_COST) values (80069,382,11,197);
Insert into TRAVEL_REQUEST (TRAVEL_DOCUMENT_ID,EST_TRAVEL_COST,EST_HOTEL_COST,EST_OTHER_COST) values (80070,945,811,7);
Insert into TRAVEL_REQUEST (TRAVEL_DOCUMENT_ID,EST_TRAVEL_COST,EST_HOTEL_COST,EST_OTHER_COST) values (80071,56,699,484);
Insert into TRAVEL_REQUEST (TRAVEL_DOCUMENT_ID,EST_TRAVEL_COST,EST_HOTEL_COST,EST_OTHER_COST) values (80072,976,186,858);
Insert into TRAVEL_REQUEST (TRAVEL_DOCUMENT_ID,EST_TRAVEL_COST,EST_HOTEL_COST,EST_OTHER_COST) values (80073,606,273,135);
Insert into TRAVEL_REQUEST (TRAVEL_DOCUMENT_ID,EST_TRAVEL_COST,EST_HOTEL_COST,EST_OTHER_COST) values (80074,472,438,378);
Insert into TRAVEL_REQUEST (TRAVEL_DOCUMENT_ID,EST_TRAVEL_COST,EST_HOTEL_COST,EST_OTHER_COST) values (80075,986,874,833);
Insert into TRAVEL_REQUEST (TRAVEL_DOCUMENT_ID,EST_TRAVEL_COST,EST_HOTEL_COST,EST_OTHER_COST) values (80076,593,531,709);
Insert into TRAVEL_REQUEST (TRAVEL_DOCUMENT_ID,EST_TRAVEL_COST,EST_HOTEL_COST,EST_OTHER_COST) values (80077,864,347,589);
Insert into TRAVEL_REQUEST (TRAVEL_DOCUMENT_ID,EST_TRAVEL_COST,EST_HOTEL_COST,EST_OTHER_COST) values (80078,154,63,969);
Insert into TRAVEL_REQUEST (TRAVEL_DOCUMENT_ID,EST_TRAVEL_COST,EST_HOTEL_COST,EST_OTHER_COST) values (80079,129,349,453);
Insert into TRAVEL_REQUEST (TRAVEL_DOCUMENT_ID,EST_TRAVEL_COST,EST_HOTEL_COST,EST_OTHER_COST) values (80080,439,335,566);
Insert into TRAVEL_REQUEST (TRAVEL_DOCUMENT_ID,EST_TRAVEL_COST,EST_HOTEL_COST,EST_OTHER_COST) values (80081,872,764,453);
Insert into TRAVEL_REQUEST (TRAVEL_DOCUMENT_ID,EST_TRAVEL_COST,EST_HOTEL_COST,EST_OTHER_COST) values (80082,630,666,486);
Insert into TRAVEL_REQUEST (TRAVEL_DOCUMENT_ID,EST_TRAVEL_COST,EST_HOTEL_COST,EST_OTHER_COST) values (80083,82,757,833);
Insert into TRAVEL_REQUEST (TRAVEL_DOCUMENT_ID,EST_TRAVEL_COST,EST_HOTEL_COST,EST_OTHER_COST) values (80084,14,841,600);
Insert into TRAVEL_REQUEST (TRAVEL_DOCUMENT_ID,EST_TRAVEL_COST,EST_HOTEL_COST,EST_OTHER_COST) values (80085,836,778,886);
Insert into TRAVEL_REQUEST (TRAVEL_DOCUMENT_ID,EST_TRAVEL_COST,EST_HOTEL_COST,EST_OTHER_COST) values (80086,186,214,779);
Insert into TRAVEL_REQUEST (TRAVEL_DOCUMENT_ID,EST_TRAVEL_COST,EST_HOTEL_COST,EST_OTHER_COST) values (80087,787,402,370);
Insert into TRAVEL_REQUEST (TRAVEL_DOCUMENT_ID,EST_TRAVEL_COST,EST_HOTEL_COST,EST_OTHER_COST) values (80088,345,87,314);
Insert into TRAVEL_REQUEST (TRAVEL_DOCUMENT_ID,EST_TRAVEL_COST,EST_HOTEL_COST,EST_OTHER_COST) values (80089,254,928,284);
Insert into TRAVEL_REQUEST (TRAVEL_DOCUMENT_ID,EST_TRAVEL_COST,EST_HOTEL_COST,EST_OTHER_COST) values (80090,540,706,39);
Insert into TRAVEL_REQUEST (TRAVEL_DOCUMENT_ID,EST_TRAVEL_COST,EST_HOTEL_COST,EST_OTHER_COST) values (80091,560,261,963);
Insert into TRAVEL_REQUEST (TRAVEL_DOCUMENT_ID,EST_TRAVEL_COST,EST_HOTEL_COST,EST_OTHER_COST) values (80092,142,374,878);
Insert into TRAVEL_REQUEST (TRAVEL_DOCUMENT_ID,EST_TRAVEL_COST,EST_HOTEL_COST,EST_OTHER_COST) values (80093,497,604,876);
Insert into TRAVEL_REQUEST (TRAVEL_DOCUMENT_ID,EST_TRAVEL_COST,EST_HOTEL_COST,EST_OTHER_COST) values (80094,566,66,497);
Insert into TRAVEL_REQUEST (TRAVEL_DOCUMENT_ID,EST_TRAVEL_COST,EST_HOTEL_COST,EST_OTHER_COST) values (80095,884,228,530);
Insert into TRAVEL_REQUEST (TRAVEL_DOCUMENT_ID,EST_TRAVEL_COST,EST_HOTEL_COST,EST_OTHER_COST) values (80096,478,278,124);
Insert into TRAVEL_REQUEST (TRAVEL_DOCUMENT_ID,EST_TRAVEL_COST,EST_HOTEL_COST,EST_OTHER_COST) values (80097,772,653,390);
Insert into TRAVEL_REQUEST (TRAVEL_DOCUMENT_ID,EST_TRAVEL_COST,EST_HOTEL_COST,EST_OTHER_COST) values (80098,482,447,74);
Insert into TRAVEL_REQUEST (TRAVEL_DOCUMENT_ID,EST_TRAVEL_COST,EST_HOTEL_COST,EST_OTHER_COST) values (80099,940,741,538);
Insert into TRAVEL_REQUEST (TRAVEL_DOCUMENT_ID,EST_TRAVEL_COST,EST_HOTEL_COST,EST_OTHER_COST) values (80100,973,586,627);
Insert into TRAVEL_REQUEST (TRAVEL_DOCUMENT_ID,EST_TRAVEL_COST,EST_HOTEL_COST,EST_OTHER_COST) values (80101,513,168,656);
Insert into TRAVEL_REQUEST (TRAVEL_DOCUMENT_ID,EST_TRAVEL_COST,EST_HOTEL_COST,EST_OTHER_COST) values (80102,979,147,733);
Insert into TRAVEL_REQUEST (TRAVEL_DOCUMENT_ID,EST_TRAVEL_COST,EST_HOTEL_COST,EST_OTHER_COST) values (80103,610,816,169);
Insert into TRAVEL_REQUEST (TRAVEL_DOCUMENT_ID,EST_TRAVEL_COST,EST_HOTEL_COST,EST_OTHER_COST) values (80104,900,497,835);
Insert into TRAVEL_REQUEST (TRAVEL_DOCUMENT_ID,EST_TRAVEL_COST,EST_HOTEL_COST,EST_OTHER_COST) values (80105,612,328,403);
Insert into TRAVEL_REQUEST (TRAVEL_DOCUMENT_ID,EST_TRAVEL_COST,EST_HOTEL_COST,EST_OTHER_COST) values (80106,262,466,585);
Insert into TRAVEL_REQUEST (TRAVEL_DOCUMENT_ID,EST_TRAVEL_COST,EST_HOTEL_COST,EST_OTHER_COST) values (80107,928,884,383);
Insert into TRAVEL_REQUEST (TRAVEL_DOCUMENT_ID,EST_TRAVEL_COST,EST_HOTEL_COST,EST_OTHER_COST) values (80108,407,291,377);
Insert into TRAVEL_REQUEST (TRAVEL_DOCUMENT_ID,EST_TRAVEL_COST,EST_HOTEL_COST,EST_OTHER_COST) values (80109,364,685,440);
Insert into TRAVEL_REQUEST (TRAVEL_DOCUMENT_ID,EST_TRAVEL_COST,EST_HOTEL_COST,EST_OTHER_COST) values (80110,413,808,911);
Insert into TRAVEL_REQUEST (TRAVEL_DOCUMENT_ID,EST_TRAVEL_COST,EST_HOTEL_COST,EST_OTHER_COST) values (80111,410,217,201);
Insert into TRAVEL_REQUEST (TRAVEL_DOCUMENT_ID,EST_TRAVEL_COST,EST_HOTEL_COST,EST_OTHER_COST) values (80112,547,749,370);
Insert into TRAVEL_REQUEST (TRAVEL_DOCUMENT_ID,EST_TRAVEL_COST,EST_HOTEL_COST,EST_OTHER_COST) values (80113,836,736,951);
Insert into TRAVEL_REQUEST (TRAVEL_DOCUMENT_ID,EST_TRAVEL_COST,EST_HOTEL_COST,EST_OTHER_COST) values (80114,654,633,962);
Insert into TRAVEL_REQUEST (TRAVEL_DOCUMENT_ID,EST_TRAVEL_COST,EST_HOTEL_COST,EST_OTHER_COST) values (80115,790,812,214);
Insert into TRAVEL_REQUEST (TRAVEL_DOCUMENT_ID,EST_TRAVEL_COST,EST_HOTEL_COST,EST_OTHER_COST) values (80116,920,111,321);
Insert into TRAVEL_REQUEST (TRAVEL_DOCUMENT_ID,EST_TRAVEL_COST,EST_HOTEL_COST,EST_OTHER_COST) values (80117,189,374,903);
Insert into TRAVEL_REQUEST (TRAVEL_DOCUMENT_ID,EST_TRAVEL_COST,EST_HOTEL_COST,EST_OTHER_COST) values (80118,13,262,348);
Insert into TRAVEL_REQUEST (TRAVEL_DOCUMENT_ID,EST_TRAVEL_COST,EST_HOTEL_COST,EST_OTHER_COST) values (80119,272,712,950);
Insert into TRAVEL_REQUEST (TRAVEL_DOCUMENT_ID,EST_TRAVEL_COST,EST_HOTEL_COST,EST_OTHER_COST) values (80120,140,692,738);
Insert into TRAVEL_REQUEST (TRAVEL_DOCUMENT_ID,EST_TRAVEL_COST,EST_HOTEL_COST,EST_OTHER_COST) values (80121,952,969,316);
Insert into TRAVEL_REQUEST (TRAVEL_DOCUMENT_ID,EST_TRAVEL_COST,EST_HOTEL_COST,EST_OTHER_COST) values (80122,938,538,7);
Insert into TRAVEL_REQUEST (TRAVEL_DOCUMENT_ID,EST_TRAVEL_COST,EST_HOTEL_COST,EST_OTHER_COST) values (80123,776,185,828);
Insert into TRAVEL_REQUEST (TRAVEL_DOCUMENT_ID,EST_TRAVEL_COST,EST_HOTEL_COST,EST_OTHER_COST) values (80124,438,775,882);
Insert into TRAVEL_REQUEST (TRAVEL_DOCUMENT_ID,EST_TRAVEL_COST,EST_HOTEL_COST,EST_OTHER_COST) values (80125,332,287,52);
Insert into TRAVEL_REQUEST (TRAVEL_DOCUMENT_ID,EST_TRAVEL_COST,EST_HOTEL_COST,EST_OTHER_COST) values (80126,259,711,770);
Insert into TRAVEL_REQUEST (TRAVEL_DOCUMENT_ID,EST_TRAVEL_COST,EST_HOTEL_COST,EST_OTHER_COST) values (80127,647,641,65);
Insert into TRAVEL_REQUEST (TRAVEL_DOCUMENT_ID,EST_TRAVEL_COST,EST_HOTEL_COST,EST_OTHER_COST) values (80128,484,259,541);
Insert into TRAVEL_REQUEST (TRAVEL_DOCUMENT_ID,EST_TRAVEL_COST,EST_HOTEL_COST,EST_OTHER_COST) values (80129,924,52,986);
Insert into TRAVEL_REQUEST (TRAVEL_DOCUMENT_ID,EST_TRAVEL_COST,EST_HOTEL_COST,EST_OTHER_COST) values (80130,347,733,643);
Insert into TRAVEL_REQUEST (TRAVEL_DOCUMENT_ID,EST_TRAVEL_COST,EST_HOTEL_COST,EST_OTHER_COST) values (80131,591,429,354);
Insert into TRAVEL_REQUEST (TRAVEL_DOCUMENT_ID,EST_TRAVEL_COST,EST_HOTEL_COST,EST_OTHER_COST) values (80132,74,347,182);
Insert into TRAVEL_REQUEST (TRAVEL_DOCUMENT_ID,EST_TRAVEL_COST,EST_HOTEL_COST,EST_OTHER_COST) values (80133,438,74,729);
Insert into TRAVEL_REQUEST (TRAVEL_DOCUMENT_ID,EST_TRAVEL_COST,EST_HOTEL_COST,EST_OTHER_COST) values (80134,986,903,992);
Insert into TRAVEL_REQUEST (TRAVEL_DOCUMENT_ID,EST_TRAVEL_COST,EST_HOTEL_COST,EST_OTHER_COST) values (80135,445,983,437);
Insert into TRAVEL_REQUEST (TRAVEL_DOCUMENT_ID,EST_TRAVEL_COST,EST_HOTEL_COST,EST_OTHER_COST) values (80136,809,499,46);
Insert into TRAVEL_REQUEST (TRAVEL_DOCUMENT_ID,EST_TRAVEL_COST,EST_HOTEL_COST,EST_OTHER_COST) values (80137,765,272,531);
Insert into TRAVEL_REQUEST (TRAVEL_DOCUMENT_ID,EST_TRAVEL_COST,EST_HOTEL_COST,EST_OTHER_COST) values (80138,165,540,69);
Insert into TRAVEL_REQUEST (TRAVEL_DOCUMENT_ID,EST_TRAVEL_COST,EST_HOTEL_COST,EST_OTHER_COST) values (80139,642,208,241);
Insert into TRAVEL_REQUEST (TRAVEL_DOCUMENT_ID,EST_TRAVEL_COST,EST_HOTEL_COST,EST_OTHER_COST) values (80140,786,665,277);
Insert into TRAVEL_REQUEST (TRAVEL_DOCUMENT_ID,EST_TRAVEL_COST,EST_HOTEL_COST,EST_OTHER_COST) values (80141,482,932,109);
Insert into TRAVEL_REQUEST (TRAVEL_DOCUMENT_ID,EST_TRAVEL_COST,EST_HOTEL_COST,EST_OTHER_COST) values (80142,585,770,39);
Insert into TRAVEL_REQUEST (TRAVEL_DOCUMENT_ID,EST_TRAVEL_COST,EST_HOTEL_COST,EST_OTHER_COST) values (80143,686,806,92);
Insert into TRAVEL_REQUEST (TRAVEL_DOCUMENT_ID,EST_TRAVEL_COST,EST_HOTEL_COST,EST_OTHER_COST) values (80144,937,672,741);
Insert into TRAVEL_REQUEST (TRAVEL_DOCUMENT_ID,EST_TRAVEL_COST,EST_HOTEL_COST,EST_OTHER_COST) values (80145,844,53,154);
Insert into TRAVEL_REQUEST (TRAVEL_DOCUMENT_ID,EST_TRAVEL_COST,EST_HOTEL_COST,EST_OTHER_COST) values (80146,231,567,822);
Insert into TRAVEL_REQUEST (TRAVEL_DOCUMENT_ID,EST_TRAVEL_COST,EST_HOTEL_COST,EST_OTHER_COST) values (80147,57,444,905);
Insert into TRAVEL_REQUEST (TRAVEL_DOCUMENT_ID,EST_TRAVEL_COST,EST_HOTEL_COST,EST_OTHER_COST) values (80148,912,516,879);
Insert into TRAVEL_REQUEST (TRAVEL_DOCUMENT_ID,EST_TRAVEL_COST,EST_HOTEL_COST,EST_OTHER_COST) values (80149,510,905,977);
Insert into TRAVEL_REQUEST (TRAVEL_DOCUMENT_ID,EST_TRAVEL_COST,EST_HOTEL_COST,EST_OTHER_COST) values (80150,51,299,842);
Insert into TRAVEL_REQUEST (TRAVEL_DOCUMENT_ID,EST_TRAVEL_COST,EST_HOTEL_COST,EST_OTHER_COST) values (80151,445,193,748);
Insert into TRAVEL_REQUEST (TRAVEL_DOCUMENT_ID,EST_TRAVEL_COST,EST_HOTEL_COST,EST_OTHER_COST) values (80152,64,379,760);
Insert into TRAVEL_REQUEST (TRAVEL_DOCUMENT_ID,EST_TRAVEL_COST,EST_HOTEL_COST,EST_OTHER_COST) values (80153,647,512,49);
Insert into TRAVEL_REQUEST (TRAVEL_DOCUMENT_ID,EST_TRAVEL_COST,EST_HOTEL_COST,EST_OTHER_COST) values (80154,968,924,852);
Insert into TRAVEL_REQUEST (TRAVEL_DOCUMENT_ID,EST_TRAVEL_COST,EST_HOTEL_COST,EST_OTHER_COST) values (80155,426,542,642);
Insert into TRAVEL_REQUEST (TRAVEL_DOCUMENT_ID,EST_TRAVEL_COST,EST_HOTEL_COST,EST_OTHER_COST) values (80156,220,321,161);
Insert into TRAVEL_REQUEST (TRAVEL_DOCUMENT_ID,EST_TRAVEL_COST,EST_HOTEL_COST,EST_OTHER_COST) values (80157,320,260,312);
Insert into TRAVEL_REQUEST (TRAVEL_DOCUMENT_ID,EST_TRAVEL_COST,EST_HOTEL_COST,EST_OTHER_COST) values (80158,978,747,98);
Insert into TRAVEL_REQUEST (TRAVEL_DOCUMENT_ID,EST_TRAVEL_COST,EST_HOTEL_COST,EST_OTHER_COST) values (80159,955,579,551);
Insert into TRAVEL_REQUEST (TRAVEL_DOCUMENT_ID,EST_TRAVEL_COST,EST_HOTEL_COST,EST_OTHER_COST) values (80160,445,564,39);
Insert into TRAVEL_REQUEST (TRAVEL_DOCUMENT_ID,EST_TRAVEL_COST,EST_HOTEL_COST,EST_OTHER_COST) values (80161,995,501,226);
Insert into TRAVEL_REQUEST (TRAVEL_DOCUMENT_ID,EST_TRAVEL_COST,EST_HOTEL_COST,EST_OTHER_COST) values (80162,876,803,732);
Insert into TRAVEL_REQUEST (TRAVEL_DOCUMENT_ID,EST_TRAVEL_COST,EST_HOTEL_COST,EST_OTHER_COST) values (80163,129,185,262);
Insert into TRAVEL_REQUEST (TRAVEL_DOCUMENT_ID,EST_TRAVEL_COST,EST_HOTEL_COST,EST_OTHER_COST) values (80164,364,398,90);
Insert into TRAVEL_REQUEST (TRAVEL_DOCUMENT_ID,EST_TRAVEL_COST,EST_HOTEL_COST,EST_OTHER_COST) values (80165,910,176,253);
Insert into TRAVEL_REQUEST (TRAVEL_DOCUMENT_ID,EST_TRAVEL_COST,EST_HOTEL_COST,EST_OTHER_COST) values (80166,807,510,214);
Insert into TRAVEL_REQUEST (TRAVEL_DOCUMENT_ID,EST_TRAVEL_COST,EST_HOTEL_COST,EST_OTHER_COST) values (80167,169,259,117);
Insert into TRAVEL_REQUEST (TRAVEL_DOCUMENT_ID,EST_TRAVEL_COST,EST_HOTEL_COST,EST_OTHER_COST) values (80168,196,793,260);
Insert into TRAVEL_REQUEST (TRAVEL_DOCUMENT_ID,EST_TRAVEL_COST,EST_HOTEL_COST,EST_OTHER_COST) values (80169,839,626,705);
Insert into TRAVEL_REQUEST (TRAVEL_DOCUMENT_ID,EST_TRAVEL_COST,EST_HOTEL_COST,EST_OTHER_COST) values (80170,708,619,149);
Insert into TRAVEL_REQUEST (TRAVEL_DOCUMENT_ID,EST_TRAVEL_COST,EST_HOTEL_COST,EST_OTHER_COST) values (80171,243,618,151);
Insert into TRAVEL_REQUEST (TRAVEL_DOCUMENT_ID,EST_TRAVEL_COST,EST_HOTEL_COST,EST_OTHER_COST) values (80172,631,200,618);
Insert into TRAVEL_REQUEST (TRAVEL_DOCUMENT_ID,EST_TRAVEL_COST,EST_HOTEL_COST,EST_OTHER_COST) values (80173,238,401,760);
Insert into TRAVEL_REQUEST (TRAVEL_DOCUMENT_ID,EST_TRAVEL_COST,EST_HOTEL_COST,EST_OTHER_COST) values (80174,207,552,813);
Insert into TRAVEL_REQUEST (TRAVEL_DOCUMENT_ID,EST_TRAVEL_COST,EST_HOTEL_COST,EST_OTHER_COST) values (80175,68,649,443);
Insert into TRAVEL_REQUEST (TRAVEL_DOCUMENT_ID,EST_TRAVEL_COST,EST_HOTEL_COST,EST_OTHER_COST) values (80176,222,755,410);
Insert into TRAVEL_REQUEST (TRAVEL_DOCUMENT_ID,EST_TRAVEL_COST,EST_HOTEL_COST,EST_OTHER_COST) values (80177,741,270,681);
Insert into TRAVEL_REQUEST (TRAVEL_DOCUMENT_ID,EST_TRAVEL_COST,EST_HOTEL_COST,EST_OTHER_COST) values (80178,962,236,470);
Insert into TRAVEL_REQUEST (TRAVEL_DOCUMENT_ID,EST_TRAVEL_COST,EST_HOTEL_COST,EST_OTHER_COST) values (80179,956,148,87);
Insert into TRAVEL_REQUEST (TRAVEL_DOCUMENT_ID,EST_TRAVEL_COST,EST_HOTEL_COST,EST_OTHER_COST) values (80180,525,945,441);
Insert into TRAVEL_REQUEST (TRAVEL_DOCUMENT_ID,EST_TRAVEL_COST,EST_HOTEL_COST,EST_OTHER_COST) values (80181,58,308,71);
Insert into TRAVEL_REQUEST (TRAVEL_DOCUMENT_ID,EST_TRAVEL_COST,EST_HOTEL_COST,EST_OTHER_COST) values (80182,788,480,219);
Insert into TRAVEL_REQUEST (TRAVEL_DOCUMENT_ID,EST_TRAVEL_COST,EST_HOTEL_COST,EST_OTHER_COST) values (80183,358,748,126);
Insert into TRAVEL_REQUEST (TRAVEL_DOCUMENT_ID,EST_TRAVEL_COST,EST_HOTEL_COST,EST_OTHER_COST) values (80184,401,122,111);
Insert into TRAVEL_REQUEST (TRAVEL_DOCUMENT_ID,EST_TRAVEL_COST,EST_HOTEL_COST,EST_OTHER_COST) values (80185,458,567,847);
Insert into TRAVEL_REQUEST (TRAVEL_DOCUMENT_ID,EST_TRAVEL_COST,EST_HOTEL_COST,EST_OTHER_COST) values (80186,266,250,346);
Insert into TRAVEL_REQUEST (TRAVEL_DOCUMENT_ID,EST_TRAVEL_COST,EST_HOTEL_COST,EST_OTHER_COST) values (80187,594,95,110);
Insert into TRAVEL_REQUEST (TRAVEL_DOCUMENT_ID,EST_TRAVEL_COST,EST_HOTEL_COST,EST_OTHER_COST) values (80188,578,520,268);
Insert into TRAVEL_REQUEST (TRAVEL_DOCUMENT_ID,EST_TRAVEL_COST,EST_HOTEL_COST,EST_OTHER_COST) values (80189,961,135,408);
Insert into TRAVEL_REQUEST (TRAVEL_DOCUMENT_ID,EST_TRAVEL_COST,EST_HOTEL_COST,EST_OTHER_COST) values (80190,906,760,276);
Insert into TRAVEL_REQUEST (TRAVEL_DOCUMENT_ID,EST_TRAVEL_COST,EST_HOTEL_COST,EST_OTHER_COST) values (80191,672,637,544);
Insert into TRAVEL_REQUEST (TRAVEL_DOCUMENT_ID,EST_TRAVEL_COST,EST_HOTEL_COST,EST_OTHER_COST) values (80192,259,229,93);
Insert into TRAVEL_REQUEST (TRAVEL_DOCUMENT_ID,EST_TRAVEL_COST,EST_HOTEL_COST,EST_OTHER_COST) values (80193,358,67,428);
Insert into TRAVEL_REQUEST (TRAVEL_DOCUMENT_ID,EST_TRAVEL_COST,EST_HOTEL_COST,EST_OTHER_COST) values (80194,572,700,805);
Insert into TRAVEL_REQUEST (TRAVEL_DOCUMENT_ID,EST_TRAVEL_COST,EST_HOTEL_COST,EST_OTHER_COST) values (80195,782,267,479);
Insert into TRAVEL_REQUEST (TRAVEL_DOCUMENT_ID,EST_TRAVEL_COST,EST_HOTEL_COST,EST_OTHER_COST) values (80196,632,837,93);
Insert into TRAVEL_REQUEST (TRAVEL_DOCUMENT_ID,EST_TRAVEL_COST,EST_HOTEL_COST,EST_OTHER_COST) values (80197,630,697,578);
Insert into TRAVEL_REQUEST (TRAVEL_DOCUMENT_ID,EST_TRAVEL_COST,EST_HOTEL_COST,EST_OTHER_COST) values (80198,676,90,236);
Insert into TRAVEL_REQUEST (TRAVEL_DOCUMENT_ID,EST_TRAVEL_COST,EST_HOTEL_COST,EST_OTHER_COST) values (80199,64,385,980);
Insert into TRAVEL_REQUEST (TRAVEL_DOCUMENT_ID,EST_TRAVEL_COST,EST_HOTEL_COST,EST_OTHER_COST) values (80200,324,639,270);
Insert into TRAVEL_REQUEST (TRAVEL_DOCUMENT_ID,EST_TRAVEL_COST,EST_HOTEL_COST,EST_OTHER_COST) values (80201,290,294,915);
REM INSERTING into EXPENSE_DETAILS
SET DEFINE OFF;
Insert into EXPENSE_DETAILS (TRAVEL_DOCUMENT_ID,ACT_TRAVEL_COST,ACT_HOTEL_COST,ACT_OTHER_COST,RECIEPT_FILE_URL) values (80000,940,741,538,null);
Insert into EXPENSE_DETAILS (TRAVEL_DOCUMENT_ID,ACT_TRAVEL_COST,ACT_HOTEL_COST,ACT_OTHER_COST,RECIEPT_FILE_URL) values (80001,973,586,627,null);
Insert into EXPENSE_DETAILS (TRAVEL_DOCUMENT_ID,ACT_TRAVEL_COST,ACT_HOTEL_COST,ACT_OTHER_COST,RECIEPT_FILE_URL) values (80002,513,168,656,null);
Insert into EXPENSE_DETAILS (TRAVEL_DOCUMENT_ID,ACT_TRAVEL_COST,ACT_HOTEL_COST,ACT_OTHER_COST,RECIEPT_FILE_URL) values (80003,979,147,733,null);
Insert into EXPENSE_DETAILS (TRAVEL_DOCUMENT_ID,ACT_TRAVEL_COST,ACT_HOTEL_COST,ACT_OTHER_COST,RECIEPT_FILE_URL) values (80004,610,816,169,null);
Insert into EXPENSE_DETAILS (TRAVEL_DOCUMENT_ID,ACT_TRAVEL_COST,ACT_HOTEL_COST,ACT_OTHER_COST,RECIEPT_FILE_URL) values (80005,900,497,835,null);
Insert into EXPENSE_DETAILS (TRAVEL_DOCUMENT_ID,ACT_TRAVEL_COST,ACT_HOTEL_COST,ACT_OTHER_COST,RECIEPT_FILE_URL) values (80006,612,328,403,null);
Insert into EXPENSE_DETAILS (TRAVEL_DOCUMENT_ID,ACT_TRAVEL_COST,ACT_HOTEL_COST,ACT_OTHER_COST,RECIEPT_FILE_URL) values (80007,262,466,585,null);
Insert into EXPENSE_DETAILS (TRAVEL_DOCUMENT_ID,ACT_TRAVEL_COST,ACT_HOTEL_COST,ACT_OTHER_COST,RECIEPT_FILE_URL) values (80008,928,884,383,null);
Insert into EXPENSE_DETAILS (TRAVEL_DOCUMENT_ID,ACT_TRAVEL_COST,ACT_HOTEL_COST,ACT_OTHER_COST,RECIEPT_FILE_URL) values (80009,407,291,377,null);
Insert into EXPENSE_DETAILS (TRAVEL_DOCUMENT_ID,ACT_TRAVEL_COST,ACT_HOTEL_COST,ACT_OTHER_COST,RECIEPT_FILE_URL) values (80010,364,685,440,null);
Insert into EXPENSE_DETAILS (TRAVEL_DOCUMENT_ID,ACT_TRAVEL_COST,ACT_HOTEL_COST,ACT_OTHER_COST,RECIEPT_FILE_URL) values (80011,413,808,911,null);
Insert into EXPENSE_DETAILS (TRAVEL_DOCUMENT_ID,ACT_TRAVEL_COST,ACT_HOTEL_COST,ACT_OTHER_COST,RECIEPT_FILE_URL) values (80012,410,217,201,null);
Insert into EXPENSE_DETAILS (TRAVEL_DOCUMENT_ID,ACT_TRAVEL_COST,ACT_HOTEL_COST,ACT_OTHER_COST,RECIEPT_FILE_URL) values (80013,547,749,370,null);
Insert into EXPENSE_DETAILS (TRAVEL_DOCUMENT_ID,ACT_TRAVEL_COST,ACT_HOTEL_COST,ACT_OTHER_COST,RECIEPT_FILE_URL) values (80014,836,736,951,null);
Insert into EXPENSE_DETAILS (TRAVEL_DOCUMENT_ID,ACT_TRAVEL_COST,ACT_HOTEL_COST,ACT_OTHER_COST,RECIEPT_FILE_URL) values (80015,654,633,962,null);
Insert into EXPENSE_DETAILS (TRAVEL_DOCUMENT_ID,ACT_TRAVEL_COST,ACT_HOTEL_COST,ACT_OTHER_COST,RECIEPT_FILE_URL) values (80016,790,812,214,null);
Insert into EXPENSE_DETAILS (TRAVEL_DOCUMENT_ID,ACT_TRAVEL_COST,ACT_HOTEL_COST,ACT_OTHER_COST,RECIEPT_FILE_URL) values (80017,920,111,321,null);
Insert into EXPENSE_DETAILS (TRAVEL_DOCUMENT_ID,ACT_TRAVEL_COST,ACT_HOTEL_COST,ACT_OTHER_COST,RECIEPT_FILE_URL) values (80018,189,374,903,null);
Insert into EXPENSE_DETAILS (TRAVEL_DOCUMENT_ID,ACT_TRAVEL_COST,ACT_HOTEL_COST,ACT_OTHER_COST,RECIEPT_FILE_URL) values (80019,13,262,348,null);
Insert into EXPENSE_DETAILS (TRAVEL_DOCUMENT_ID,ACT_TRAVEL_COST,ACT_HOTEL_COST,ACT_OTHER_COST,RECIEPT_FILE_URL) values (80020,272,712,950,null);
Insert into EXPENSE_DETAILS (TRAVEL_DOCUMENT_ID,ACT_TRAVEL_COST,ACT_HOTEL_COST,ACT_OTHER_COST,RECIEPT_FILE_URL) values (80021,140,692,738,null);
Insert into EXPENSE_DETAILS (TRAVEL_DOCUMENT_ID,ACT_TRAVEL_COST,ACT_HOTEL_COST,ACT_OTHER_COST,RECIEPT_FILE_URL) values (80022,952,969,316,null);
Insert into EXPENSE_DETAILS (TRAVEL_DOCUMENT_ID,ACT_TRAVEL_COST,ACT_HOTEL_COST,ACT_OTHER_COST,RECIEPT_FILE_URL) values (80023,938,538,7,null);
Insert into EXPENSE_DETAILS (TRAVEL_DOCUMENT_ID,ACT_TRAVEL_COST,ACT_HOTEL_COST,ACT_OTHER_COST,RECIEPT_FILE_URL) values (80024,776,185,828,null);
Insert into EXPENSE_DETAILS (TRAVEL_DOCUMENT_ID,ACT_TRAVEL_COST,ACT_HOTEL_COST,ACT_OTHER_COST,RECIEPT_FILE_URL) values (80025,438,775,882,null);
Insert into EXPENSE_DETAILS (TRAVEL_DOCUMENT_ID,ACT_TRAVEL_COST,ACT_HOTEL_COST,ACT_OTHER_COST,RECIEPT_FILE_URL) values (80026,332,287,52,null);
Insert into EXPENSE_DETAILS (TRAVEL_DOCUMENT_ID,ACT_TRAVEL_COST,ACT_HOTEL_COST,ACT_OTHER_COST,RECIEPT_FILE_URL) values (80027,259,711,770,null);
Insert into EXPENSE_DETAILS (TRAVEL_DOCUMENT_ID,ACT_TRAVEL_COST,ACT_HOTEL_COST,ACT_OTHER_COST,RECIEPT_FILE_URL) values (80028,647,641,65,null);
Insert into EXPENSE_DETAILS (TRAVEL_DOCUMENT_ID,ACT_TRAVEL_COST,ACT_HOTEL_COST,ACT_OTHER_COST,RECIEPT_FILE_URL) values (80029,484,259,541,null);
Insert into EXPENSE_DETAILS (TRAVEL_DOCUMENT_ID,ACT_TRAVEL_COST,ACT_HOTEL_COST,ACT_OTHER_COST,RECIEPT_FILE_URL) values (80030,924,52,986,null);
Insert into EXPENSE_DETAILS (TRAVEL_DOCUMENT_ID,ACT_TRAVEL_COST,ACT_HOTEL_COST,ACT_OTHER_COST,RECIEPT_FILE_URL) values (80031,347,733,643,null);
Insert into EXPENSE_DETAILS (TRAVEL_DOCUMENT_ID,ACT_TRAVEL_COST,ACT_HOTEL_COST,ACT_OTHER_COST,RECIEPT_FILE_URL) values (80032,591,429,354,null);
Insert into EXPENSE_DETAILS (TRAVEL_DOCUMENT_ID,ACT_TRAVEL_COST,ACT_HOTEL_COST,ACT_OTHER_COST,RECIEPT_FILE_URL) values (80033,74,347,182,null);
Insert into EXPENSE_DETAILS (TRAVEL_DOCUMENT_ID,ACT_TRAVEL_COST,ACT_HOTEL_COST,ACT_OTHER_COST,RECIEPT_FILE_URL) values (80034,438,74,729,null);
Insert into EXPENSE_DETAILS (TRAVEL_DOCUMENT_ID,ACT_TRAVEL_COST,ACT_HOTEL_COST,ACT_OTHER_COST,RECIEPT_FILE_URL) values (80035,986,903,992,null);
Insert into EXPENSE_DETAILS (TRAVEL_DOCUMENT_ID,ACT_TRAVEL_COST,ACT_HOTEL_COST,ACT_OTHER_COST,RECIEPT_FILE_URL) values (80036,445,983,437,null);
Insert into EXPENSE_DETAILS (TRAVEL_DOCUMENT_ID,ACT_TRAVEL_COST,ACT_HOTEL_COST,ACT_OTHER_COST,RECIEPT_FILE_URL) values (80037,809,499,46,null);
Insert into EXPENSE_DETAILS (TRAVEL_DOCUMENT_ID,ACT_TRAVEL_COST,ACT_HOTEL_COST,ACT_OTHER_COST,RECIEPT_FILE_URL) values (80038,765,272,531,null);
Insert into EXPENSE_DETAILS (TRAVEL_DOCUMENT_ID,ACT_TRAVEL_COST,ACT_HOTEL_COST,ACT_OTHER_COST,RECIEPT_FILE_URL) values (80039,165,540,69,null);
Insert into EXPENSE_DETAILS (TRAVEL_DOCUMENT_ID,ACT_TRAVEL_COST,ACT_HOTEL_COST,ACT_OTHER_COST,RECIEPT_FILE_URL) values (80040,642,208,241,null);
Insert into EXPENSE_DETAILS (TRAVEL_DOCUMENT_ID,ACT_TRAVEL_COST,ACT_HOTEL_COST,ACT_OTHER_COST,RECIEPT_FILE_URL) values (80041,786,665,277,null);
Insert into EXPENSE_DETAILS (TRAVEL_DOCUMENT_ID,ACT_TRAVEL_COST,ACT_HOTEL_COST,ACT_OTHER_COST,RECIEPT_FILE_URL) values (80042,482,932,109,null);
Insert into EXPENSE_DETAILS (TRAVEL_DOCUMENT_ID,ACT_TRAVEL_COST,ACT_HOTEL_COST,ACT_OTHER_COST,RECIEPT_FILE_URL) values (80043,585,770,39,null);
Insert into EXPENSE_DETAILS (TRAVEL_DOCUMENT_ID,ACT_TRAVEL_COST,ACT_HOTEL_COST,ACT_OTHER_COST,RECIEPT_FILE_URL) values (80044,686,806,92,null);
Insert into EXPENSE_DETAILS (TRAVEL_DOCUMENT_ID,ACT_TRAVEL_COST,ACT_HOTEL_COST,ACT_OTHER_COST,RECIEPT_FILE_URL) values (80045,937,672,741,null);
Insert into EXPENSE_DETAILS (TRAVEL_DOCUMENT_ID,ACT_TRAVEL_COST,ACT_HOTEL_COST,ACT_OTHER_COST,RECIEPT_FILE_URL) values (80046,844,53,154,null);
Insert into EXPENSE_DETAILS (TRAVEL_DOCUMENT_ID,ACT_TRAVEL_COST,ACT_HOTEL_COST,ACT_OTHER_COST,RECIEPT_FILE_URL) values (80047,231,567,822,null);
Insert into EXPENSE_DETAILS (TRAVEL_DOCUMENT_ID,ACT_TRAVEL_COST,ACT_HOTEL_COST,ACT_OTHER_COST,RECIEPT_FILE_URL) values (80048,57,444,905,null);
Insert into EXPENSE_DETAILS (TRAVEL_DOCUMENT_ID,ACT_TRAVEL_COST,ACT_HOTEL_COST,ACT_OTHER_COST,RECIEPT_FILE_URL) values (80049,912,516,879,null);
Insert into EXPENSE_DETAILS (TRAVEL_DOCUMENT_ID,ACT_TRAVEL_COST,ACT_HOTEL_COST,ACT_OTHER_COST,RECIEPT_FILE_URL) values (80050,510,905,977,null);
Insert into EXPENSE_DETAILS (TRAVEL_DOCUMENT_ID,ACT_TRAVEL_COST,ACT_HOTEL_COST,ACT_OTHER_COST,RECIEPT_FILE_URL) values (80051,51,299,842,null);
Insert into EXPENSE_DETAILS (TRAVEL_DOCUMENT_ID,ACT_TRAVEL_COST,ACT_HOTEL_COST,ACT_OTHER_COST,RECIEPT_FILE_URL) values (80052,445,193,748,null);
Insert into EXPENSE_DETAILS (TRAVEL_DOCUMENT_ID,ACT_TRAVEL_COST,ACT_HOTEL_COST,ACT_OTHER_COST,RECIEPT_FILE_URL) values (80053,64,379,760,null);
Insert into EXPENSE_DETAILS (TRAVEL_DOCUMENT_ID,ACT_TRAVEL_COST,ACT_HOTEL_COST,ACT_OTHER_COST,RECIEPT_FILE_URL) values (80054,647,512,49,null);
Insert into EXPENSE_DETAILS (TRAVEL_DOCUMENT_ID,ACT_TRAVEL_COST,ACT_HOTEL_COST,ACT_OTHER_COST,RECIEPT_FILE_URL) values (80055,968,924,852,null);
Insert into EXPENSE_DETAILS (TRAVEL_DOCUMENT_ID,ACT_TRAVEL_COST,ACT_HOTEL_COST,ACT_OTHER_COST,RECIEPT_FILE_URL) values (80056,426,542,642,null);
Insert into EXPENSE_DETAILS (TRAVEL_DOCUMENT_ID,ACT_TRAVEL_COST,ACT_HOTEL_COST,ACT_OTHER_COST,RECIEPT_FILE_URL) values (80057,220,321,161,null);
Insert into EXPENSE_DETAILS (TRAVEL_DOCUMENT_ID,ACT_TRAVEL_COST,ACT_HOTEL_COST,ACT_OTHER_COST,RECIEPT_FILE_URL) values (80058,320,260,312,null);
Insert into EXPENSE_DETAILS (TRAVEL_DOCUMENT_ID,ACT_TRAVEL_COST,ACT_HOTEL_COST,ACT_OTHER_COST,RECIEPT_FILE_URL) values (80059,978,747,98,null);
Insert into EXPENSE_DETAILS (TRAVEL_DOCUMENT_ID,ACT_TRAVEL_COST,ACT_HOTEL_COST,ACT_OTHER_COST,RECIEPT_FILE_URL) values (80060,955,579,551,null);
Insert into EXPENSE_DETAILS (TRAVEL_DOCUMENT_ID,ACT_TRAVEL_COST,ACT_HOTEL_COST,ACT_OTHER_COST,RECIEPT_FILE_URL) values (80061,445,564,39,null);
Insert into EXPENSE_DETAILS (TRAVEL_DOCUMENT_ID,ACT_TRAVEL_COST,ACT_HOTEL_COST,ACT_OTHER_COST,RECIEPT_FILE_URL) values (80062,995,501,226,null);
Insert into EXPENSE_DETAILS (TRAVEL_DOCUMENT_ID,ACT_TRAVEL_COST,ACT_HOTEL_COST,ACT_OTHER_COST,RECIEPT_FILE_URL) values (80063,876,803,732,null);
Insert into EXPENSE_DETAILS (TRAVEL_DOCUMENT_ID,ACT_TRAVEL_COST,ACT_HOTEL_COST,ACT_OTHER_COST,RECIEPT_FILE_URL) values (80064,129,185,262,null);
Insert into EXPENSE_DETAILS (TRAVEL_DOCUMENT_ID,ACT_TRAVEL_COST,ACT_HOTEL_COST,ACT_OTHER_COST,RECIEPT_FILE_URL) values (80065,364,398,90,null);
Insert into EXPENSE_DETAILS (TRAVEL_DOCUMENT_ID,ACT_TRAVEL_COST,ACT_HOTEL_COST,ACT_OTHER_COST,RECIEPT_FILE_URL) values (80066,910,176,253,null);
Insert into EXPENSE_DETAILS (TRAVEL_DOCUMENT_ID,ACT_TRAVEL_COST,ACT_HOTEL_COST,ACT_OTHER_COST,RECIEPT_FILE_URL) values (80067,807,510,214,null);
Insert into EXPENSE_DETAILS (TRAVEL_DOCUMENT_ID,ACT_TRAVEL_COST,ACT_HOTEL_COST,ACT_OTHER_COST,RECIEPT_FILE_URL) values (80068,169,259,117,null);
Insert into EXPENSE_DETAILS (TRAVEL_DOCUMENT_ID,ACT_TRAVEL_COST,ACT_HOTEL_COST,ACT_OTHER_COST,RECIEPT_FILE_URL) values (80069,196,793,260,null);
Insert into EXPENSE_DETAILS (TRAVEL_DOCUMENT_ID,ACT_TRAVEL_COST,ACT_HOTEL_COST,ACT_OTHER_COST,RECIEPT_FILE_URL) values (80070,839,626,705,null);
Insert into EXPENSE_DETAILS (TRAVEL_DOCUMENT_ID,ACT_TRAVEL_COST,ACT_HOTEL_COST,ACT_OTHER_COST,RECIEPT_FILE_URL) values (80071,708,619,149,null);
Insert into EXPENSE_DETAILS (TRAVEL_DOCUMENT_ID,ACT_TRAVEL_COST,ACT_HOTEL_COST,ACT_OTHER_COST,RECIEPT_FILE_URL) values (80072,243,618,151,null);
Insert into EXPENSE_DETAILS (TRAVEL_DOCUMENT_ID,ACT_TRAVEL_COST,ACT_HOTEL_COST,ACT_OTHER_COST,RECIEPT_FILE_URL) values (80073,631,200,618,null);
Insert into EXPENSE_DETAILS (TRAVEL_DOCUMENT_ID,ACT_TRAVEL_COST,ACT_HOTEL_COST,ACT_OTHER_COST,RECIEPT_FILE_URL) values (80074,238,401,760,null);
Insert into EXPENSE_DETAILS (TRAVEL_DOCUMENT_ID,ACT_TRAVEL_COST,ACT_HOTEL_COST,ACT_OTHER_COST,RECIEPT_FILE_URL) values (80075,207,552,813,null);
Insert into EXPENSE_DETAILS (TRAVEL_DOCUMENT_ID,ACT_TRAVEL_COST,ACT_HOTEL_COST,ACT_OTHER_COST,RECIEPT_FILE_URL) values (80076,68,649,443,null);
Insert into EXPENSE_DETAILS (TRAVEL_DOCUMENT_ID,ACT_TRAVEL_COST,ACT_HOTEL_COST,ACT_OTHER_COST,RECIEPT_FILE_URL) values (80077,222,755,410,null);
Insert into EXPENSE_DETAILS (TRAVEL_DOCUMENT_ID,ACT_TRAVEL_COST,ACT_HOTEL_COST,ACT_OTHER_COST,RECIEPT_FILE_URL) values (80078,741,270,681,null);
Insert into EXPENSE_DETAILS (TRAVEL_DOCUMENT_ID,ACT_TRAVEL_COST,ACT_HOTEL_COST,ACT_OTHER_COST,RECIEPT_FILE_URL) values (80079,962,236,470,null);
Insert into EXPENSE_DETAILS (TRAVEL_DOCUMENT_ID,ACT_TRAVEL_COST,ACT_HOTEL_COST,ACT_OTHER_COST,RECIEPT_FILE_URL) values (80080,956,148,87,null);
Insert into EXPENSE_DETAILS (TRAVEL_DOCUMENT_ID,ACT_TRAVEL_COST,ACT_HOTEL_COST,ACT_OTHER_COST,RECIEPT_FILE_URL) values (80081,525,945,441,null);
Insert into EXPENSE_DETAILS (TRAVEL_DOCUMENT_ID,ACT_TRAVEL_COST,ACT_HOTEL_COST,ACT_OTHER_COST,RECIEPT_FILE_URL) values (80082,58,308,71,null);
Insert into EXPENSE_DETAILS (TRAVEL_DOCUMENT_ID,ACT_TRAVEL_COST,ACT_HOTEL_COST,ACT_OTHER_COST,RECIEPT_FILE_URL) values (80083,788,480,219,null);
Insert into EXPENSE_DETAILS (TRAVEL_DOCUMENT_ID,ACT_TRAVEL_COST,ACT_HOTEL_COST,ACT_OTHER_COST,RECIEPT_FILE_URL) values (80084,358,748,126,null);
Insert into EXPENSE_DETAILS (TRAVEL_DOCUMENT_ID,ACT_TRAVEL_COST,ACT_HOTEL_COST,ACT_OTHER_COST,RECIEPT_FILE_URL) values (80085,401,122,111,null);
Insert into EXPENSE_DETAILS (TRAVEL_DOCUMENT_ID,ACT_TRAVEL_COST,ACT_HOTEL_COST,ACT_OTHER_COST,RECIEPT_FILE_URL) values (80086,458,567,847,null);
Insert into EXPENSE_DETAILS (TRAVEL_DOCUMENT_ID,ACT_TRAVEL_COST,ACT_HOTEL_COST,ACT_OTHER_COST,RECIEPT_FILE_URL) values (80087,266,250,346,null);
Insert into EXPENSE_DETAILS (TRAVEL_DOCUMENT_ID,ACT_TRAVEL_COST,ACT_HOTEL_COST,ACT_OTHER_COST,RECIEPT_FILE_URL) values (80088,594,95,110,null);
Insert into EXPENSE_DETAILS (TRAVEL_DOCUMENT_ID,ACT_TRAVEL_COST,ACT_HOTEL_COST,ACT_OTHER_COST,RECIEPT_FILE_URL) values (80089,578,520,268,null);
Insert into EXPENSE_DETAILS (TRAVEL_DOCUMENT_ID,ACT_TRAVEL_COST,ACT_HOTEL_COST,ACT_OTHER_COST,RECIEPT_FILE_URL) values (80090,961,135,408,null);
Insert into EXPENSE_DETAILS (TRAVEL_DOCUMENT_ID,ACT_TRAVEL_COST,ACT_HOTEL_COST,ACT_OTHER_COST,RECIEPT_FILE_URL) values (80091,906,760,276,null);
Insert into EXPENSE_DETAILS (TRAVEL_DOCUMENT_ID,ACT_TRAVEL_COST,ACT_HOTEL_COST,ACT_OTHER_COST,RECIEPT_FILE_URL) values (80092,672,637,544,null);
Insert into EXPENSE_DETAILS (TRAVEL_DOCUMENT_ID,ACT_TRAVEL_COST,ACT_HOTEL_COST,ACT_OTHER_COST,RECIEPT_FILE_URL) values (80093,259,229,93,null);
Insert into EXPENSE_DETAILS (TRAVEL_DOCUMENT_ID,ACT_TRAVEL_COST,ACT_HOTEL_COST,ACT_OTHER_COST,RECIEPT_FILE_URL) values (80094,358,67,428,null);
Insert into EXPENSE_DETAILS (TRAVEL_DOCUMENT_ID,ACT_TRAVEL_COST,ACT_HOTEL_COST,ACT_OTHER_COST,RECIEPT_FILE_URL) values (80095,572,700,805,null);
Insert into EXPENSE_DETAILS (TRAVEL_DOCUMENT_ID,ACT_TRAVEL_COST,ACT_HOTEL_COST,ACT_OTHER_COST,RECIEPT_FILE_URL) values (80096,782,267,479,null);
Insert into EXPENSE_DETAILS (TRAVEL_DOCUMENT_ID,ACT_TRAVEL_COST,ACT_HOTEL_COST,ACT_OTHER_COST,RECIEPT_FILE_URL) values (80097,632,837,93,null);
Insert into EXPENSE_DETAILS (TRAVEL_DOCUMENT_ID,ACT_TRAVEL_COST,ACT_HOTEL_COST,ACT_OTHER_COST,RECIEPT_FILE_URL) values (80098,630,697,578,null);
Insert into EXPENSE_DETAILS (TRAVEL_DOCUMENT_ID,ACT_TRAVEL_COST,ACT_HOTEL_COST,ACT_OTHER_COST,RECIEPT_FILE_URL) values (80099,676,90,236,null);
Insert into EXPENSE_DETAILS (TRAVEL_DOCUMENT_ID,ACT_TRAVEL_COST,ACT_HOTEL_COST,ACT_OTHER_COST,RECIEPT_FILE_URL) values (80100,64,385,980,null);
Insert into EXPENSE_DETAILS (TRAVEL_DOCUMENT_ID,ACT_TRAVEL_COST,ACT_HOTEL_COST,ACT_OTHER_COST,RECIEPT_FILE_URL) values (80101,324,639,270,null);
Insert into EXPENSE_DETAILS (TRAVEL_DOCUMENT_ID,ACT_TRAVEL_COST,ACT_HOTEL_COST,ACT_OTHER_COST,RECIEPT_FILE_URL) values (80102,290,294,915,null);
   
--------------------------------------------------------
--  DDL for Index CLIENT_PK
--------------------------------------------------------

  CREATE UNIQUE INDEX "CLIENT_PK" ON "CLIENT" ("CLIENT_ID");
--------------------------------------------------------
--  DDL for Index CLIENT_UK1
--------------------------------------------------------

  CREATE UNIQUE INDEX "CLIENT_UK1" ON "CLIENT" ("CLIENT_NAME") ;
--------------------------------------------------------
--  DDL for Index EMPLOYEE_PK
--------------------------------------------------------

  CREATE UNIQUE INDEX "EMPLOYEE_PK" ON "EMPLOYEE" ("EMPLOYEE_ID") ;
--------------------------------------------------------
--  DDL for Index EXPENSE_DETAILS_UK1
--------------------------------------------------------

  CREATE UNIQUE INDEX "EXPENSE_DETAILS_UK1" ON "EXPENSE_DETAILS" ("TRAVEL_DOCUMENT_ID") ;
--------------------------------------------------------
--  DDL for Index PROJECT_PK
--------------------------------------------------------

  CREATE UNIQUE INDEX "PROJECT_PK" ON "PROJECT" ("PROJECT_ID") ;
--------------------------------------------------------
--  DDL for Index TEAM_PK
--------------------------------------------------------

  CREATE UNIQUE INDEX "TEAM_PK" ON "TEAM" ("TEAM_ID");
--------------------------------------------------------
--  DDL for Index TEAM_UK1
--------------------------------------------------------

  CREATE UNIQUE INDEX "TEAM_UK1" ON "TEAM" ("TEAM_NAME");
--------------------------------------------------------
--  DDL for Index TRAVEL_AGENT_PK
--------------------------------------------------------

  CREATE UNIQUE INDEX "TRAVEL_AGENT_PK" ON "TRAVEL_AGENT" ("AGENT_ID") ;
--------------------------------------------------------
--  DDL for Index TRAVEL_BUDGET_UK1
--------------------------------------------------------

  CREATE UNIQUE INDEX "TRAVEL_BUDGET_UK1" ON "TRAVEL_BUDGET" ("TEAMID", "YEAR");
--------------------------------------------------------
--  DDL for Index TRAVEL_DOCUMENT_PK
--------------------------------------------------------

  CREATE UNIQUE INDEX "TRAVEL_DOCUMENT_PK" ON "TRAVEL_DOCUMENT" ("TRAVEL_DOCUMENT_ID");
--------------------------------------------------------
--  DDL for Index TRAVEL_REQUEST_UK1
--------------------------------------------------------

  CREATE UNIQUE INDEX "TRAVEL_REQUEST_UK1" ON "TRAVEL_REQUEST" ("TRAVEL_DOCUMENT_ID") ;
--------------------------------------------------------
--  Constraints for Table CLIENT
--------------------------------------------------------

  ALTER TABLE "CLIENT" ADD CONSTRAINT "CLIENT_PK" PRIMARY KEY ("CLIENT_ID");
  ALTER TABLE "CLIENT" ADD CONSTRAINT "CLIENT_UK1" UNIQUE ("CLIENT_NAME");
  ALTER TABLE "CLIENT" MODIFY ("CLIENT_ID" NOT NULL ENABLE);
  ALTER TABLE "CLIENT" MODIFY ("CLIENT_NAME" NOT NULL ENABLE);
--------------------------------------------------------
--  Constraints for Table EMPLOYEE
--------------------------------------------------------

  ALTER TABLE "EMPLOYEE" ADD CONSTRAINT "EMPLOYEE_PK" PRIMARY KEY ("EMPLOYEE_ID");
  ALTER TABLE "EMPLOYEE" MODIFY ("EMPLOYEE_ID" NOT NULL ENABLE);
  ALTER TABLE "EMPLOYEE" MODIFY ("TEAM_ID" NOT NULL ENABLE);
  ALTER TABLE "EMPLOYEE" MODIFY ("NAME" NOT NULL ENABLE);
  ALTER TABLE "EMPLOYEE" MODIFY ("ADDRESS" NOT NULL ENABLE);
  ALTER TABLE "EMPLOYEE" MODIFY ("PHONE_NUMBER" NOT NULL ENABLE);
  ALTER TABLE "EMPLOYEE" MODIFY ("GENDER" NOT NULL ENABLE);
--------------------------------------------------------
--  Constraints for Table EXPENSE_DETAILS
--------------------------------------------------------

  ALTER TABLE "EXPENSE_DETAILS" ADD CONSTRAINT "EXPENSE_DETAILS_UK1" UNIQUE ("TRAVEL_DOCUMENT_ID");
  ALTER TABLE "EXPENSE_DETAILS" MODIFY ("TRAVEL_DOCUMENT_ID" NOT NULL ENABLE);
--------------------------------------------------------
--  Constraints for Table PROJECT
--------------------------------------------------------

  ALTER TABLE "PROJECT" ADD CONSTRAINT "PROJECT_PK" PRIMARY KEY ("PROJECT_ID");
  ALTER TABLE "PROJECT" MODIFY ("PROJECT_ID" NOT NULL ENABLE);
  ALTER TABLE "PROJECT" MODIFY ("PROJECT_MANAGER_ID" NOT NULL ENABLE);
  ALTER TABLE "PROJECT" MODIFY ("PROJECT_NAME" NOT NULL ENABLE);
  ALTER TABLE "PROJECT" MODIFY ("PROJECT_TYPE" NOT NULL ENABLE);
--------------------------------------------------------
--  Constraints for Table TEAM
--------------------------------------------------------

  ALTER TABLE "TEAM" MODIFY ("TEAM_ID" NOT NULL ENABLE);
  ALTER TABLE "TEAM" MODIFY ("TEAM_NAME" NOT NULL ENABLE);
  ALTER TABLE "TEAM" ADD CONSTRAINT "TEAM_PK" PRIMARY KEY ("TEAM_ID");
  ALTER TABLE "TEAM" ADD CONSTRAINT "TEAM_UK1" UNIQUE ("TEAM_NAME");
--------------------------------------------------------
--  Constraints for Table TRAVEL_AGENT
--------------------------------------------------------

  ALTER TABLE "TRAVEL_AGENT" MODIFY ("AGENT_ID" NOT NULL ENABLE);
  ALTER TABLE "TRAVEL_AGENT" MODIFY ("NAME" NOT NULL ENABLE);
  ALTER TABLE "TRAVEL_AGENT" MODIFY ("ADDRESS" NOT NULL ENABLE);
  ALTER TABLE "TRAVEL_AGENT" MODIFY ("PHONE_NUMBER" NOT NULL ENABLE);
  ALTER TABLE "TRAVEL_AGENT" ADD CONSTRAINT "TRAVEL_AGENT_PK" PRIMARY KEY ("AGENT_ID");
--------------------------------------------------------
--  Constraints for Table TRAVEL_BUDGET
--------------------------------------------------------

  ALTER TABLE "TRAVEL_BUDGET" MODIFY ("TEAMID" NOT NULL ENABLE);
  ALTER TABLE "TRAVEL_BUDGET" MODIFY ("YEAR" NOT NULL ENABLE);
  ALTER TABLE "TRAVEL_BUDGET" MODIFY ("AMOUNT" NOT NULL ENABLE);
  ALTER TABLE "TRAVEL_BUDGET" ADD CONSTRAINT "TRAVEL_BUDGET_UK1" UNIQUE ("TEAMID", "YEAR");
--------------------------------------------------------
--  Constraints for Table TRAVEL_DOCUMENT
--------------------------------------------------------

  ALTER TABLE "TRAVEL_DOCUMENT" MODIFY ("TRAVEL_DOCUMENT_ID" NOT NULL ENABLE);
  ALTER TABLE "TRAVEL_DOCUMENT" MODIFY ("MGR_STATUS" NOT NULL ENABLE);
  ALTER TABLE "TRAVEL_DOCUMENT" MODIFY ("CFO_STATUS" NOT NULL ENABLE);
  ALTER TABLE "TRAVEL_DOCUMENT" MODIFY ("FIN_STATUS" NOT NULL ENABLE);
  ALTER TABLE "TRAVEL_DOCUMENT" MODIFY ("CLIENT_ID" NOT NULL ENABLE);
  ALTER TABLE "TRAVEL_DOCUMENT" MODIFY ("PROJECT_ID" NOT NULL ENABLE);
  ALTER TABLE "TRAVEL_DOCUMENT" MODIFY ("AGENT_ID" NOT NULL ENABLE);
  ALTER TABLE "TRAVEL_DOCUMENT" MODIFY ("EMPLOYEE_ID" NOT NULL ENABLE);
  ALTER TABLE "TRAVEL_DOCUMENT" ADD CONSTRAINT "TRAVEL_DOCUMENT_PK" PRIMARY KEY ("TRAVEL_DOCUMENT_ID");
--------------------------------------------------------
--  Constraints for Table TRAVEL_REQUEST
--------------------------------------------------------

  ALTER TABLE "TRAVEL_REQUEST" MODIFY ("TRAVEL_DOCUMENT_ID" NOT NULL ENABLE);
  ALTER TABLE "TRAVEL_REQUEST" MODIFY ("EST_TRAVEL_COST" NOT NULL ENABLE);
  ALTER TABLE "TRAVEL_REQUEST" MODIFY ("EST_HOTEL_COST" NOT NULL ENABLE);
  ALTER TABLE "TRAVEL_REQUEST" MODIFY ("EST_OTHER_COST" NOT NULL ENABLE);
  ALTER TABLE "TRAVEL_REQUEST" ADD CONSTRAINT "TRAVEL_REQUEST_UK1" UNIQUE ("TRAVEL_DOCUMENT_ID");
--------------------------------------------------------
--  Ref Constraints for Table EMPLOYEE
--------------------------------------------------------

  ALTER TABLE "EMPLOYEE" ADD CONSTRAINT "EMPLOYEE_FK1" FOREIGN KEY ("TEAM_ID")
	  REFERENCES "TEAM" ("TEAM_ID") ENABLE;
  ALTER TABLE "EMPLOYEE" ADD CONSTRAINT "EMPLOYEE_FK2" FOREIGN KEY ("MANAGER_ID")
	  REFERENCES "EMPLOYEE" ("EMPLOYEE_ID") ENABLE;
--------------------------------------------------------
--  Ref Constraints for Table EXPENSE_DETAILS
--------------------------------------------------------

  ALTER TABLE "EXPENSE_DETAILS" ADD CONSTRAINT "EXPENSE_DETAILS_FK1" FOREIGN KEY ("TRAVEL_DOCUMENT_ID")
	  REFERENCES "TRAVEL_DOCUMENT" ("TRAVEL_DOCUMENT_ID") ENABLE;
--------------------------------------------------------
--  Ref Constraints for Table PROJECT
--------------------------------------------------------

  ALTER TABLE "PROJECT" ADD CONSTRAINT "PROJECT_FK1" FOREIGN KEY ("PROJECT_MANAGER_ID")
	  REFERENCES "EMPLOYEE" ("EMPLOYEE_ID") ENABLE;
--------------------------------------------------------
--  Ref Constraints for Table TRAVEL_BUDGET
--------------------------------------------------------

  ALTER TABLE "TRAVEL_BUDGET" ADD CONSTRAINT "TRAVEL_BUDGET_FK1" FOREIGN KEY ("TEAMID")
	  REFERENCES "TEAM" ("TEAM_ID") ENABLE;
--------------------------------------------------------
--  Ref Constraints for Table TRAVEL_DOCUMENT
--------------------------------------------------------

  ALTER TABLE "TRAVEL_DOCUMENT" ADD CONSTRAINT "TRAVEL_DOCUMENT_FK1" FOREIGN KEY ("EMPLOYEE_ID")
	  REFERENCES "EMPLOYEE" ("EMPLOYEE_ID") ENABLE;
  ALTER TABLE "TRAVEL_DOCUMENT" ADD CONSTRAINT "TRAVEL_DOCUMENT_FK2" FOREIGN KEY ("CLIENT_ID")
	  REFERENCES "CLIENT" ("CLIENT_ID") ENABLE;
  ALTER TABLE "TRAVEL_DOCUMENT" ADD CONSTRAINT "TRAVEL_DOCUMENT_FK3" FOREIGN KEY ("PROJECT_ID")
	  REFERENCES "PROJECT" ("PROJECT_ID") ENABLE;
  ALTER TABLE "TRAVEL_DOCUMENT" ADD CONSTRAINT "TRAVEL_DOCUMENT_FK4" FOREIGN KEY ("AGENT_ID")
	  REFERENCES "TRAVEL_AGENT" ("AGENT_ID") ENABLE;
--------------------------------------------------------
--  Ref Constraints for Table TRAVEL_REQUEST
--------------------------------------------------------

  ALTER TABLE "TRAVEL_REQUEST" ADD CONSTRAINT "TRAVEL_REQUEST_FK1" FOREIGN KEY ("TRAVEL_DOCUMENT_ID")
	  REFERENCES "TRAVEL_DOCUMENT" ("TRAVEL_DOCUMENT_ID") ENABLE;
--------------------------------------------------------
--  DDL for Trigger CLIENT_PK_ID
--------------------------------------------------------

  CREATE OR REPLACE TRIGGER "CLIENT_PK_ID" 
BEFORE INSERT ON CLIENT 
FOR EACH ROW 
BEGIN
  <<COLUMN_SEQUENCES>>
  BEGIN
    IF INSERTING AND :NEW.CLIENT_ID IS NULL THEN
      SELECT CLIENT_SEQ.NEXTVAL INTO :NEW.CLIENT_ID FROM SYS.DUAL;
    END IF;
  END COLUMN_SEQUENCES;
END;
/
ALTER TRIGGER "CLIENT_PK_ID" ENABLE;
--------------------------------------------------------
--  DDL for Trigger EMPLOYEE_PK_ID
--------------------------------------------------------

  CREATE OR REPLACE TRIGGER "EMPLOYEE_PK_ID" 
BEFORE INSERT ON EMPLOYEE 
FOR EACH ROW 
BEGIN
  <<COLUMN_SEQUENCES>>
  BEGIN
    IF INSERTING AND :NEW.EMPLOYEE_ID IS NULL THEN
      SELECT EMPLOYEE_SEQ.NEXTVAL INTO :NEW.EMPLOYEE_ID FROM SYS.DUAL;
    END IF;
  END COLUMN_SEQUENCES;
END;
/
ALTER TRIGGER "EMPLOYEE_PK_ID" ENABLE;
--------------------------------------------------------
--  DDL for Trigger PROJECT_PK_ID
--------------------------------------------------------

  CREATE OR REPLACE TRIGGER "PROJECT_PK_ID" 
BEFORE INSERT ON PROJECT 
FOR EACH ROW 
BEGIN
  <<COLUMN_SEQUENCES>>
  BEGIN
    IF INSERTING AND :NEW.PROJECT_ID IS NULL THEN
      SELECT PROJECT_SEQ.NEXTVAL INTO :NEW.PROJECT_ID FROM SYS.DUAL;
    END IF;
  END COLUMN_SEQUENCES;
END;
/
ALTER TRIGGER "PROJECT_PK_ID" ENABLE;
--------------------------------------------------------
--  DDL for Trigger TEAM_PK_ID
--------------------------------------------------------

  CREATE OR REPLACE TRIGGER "TEAM_PK_ID" 
BEFORE INSERT ON TEAM 
FOR EACH ROW 
BEGIN
  <<COLUMN_SEQUENCES>>
  BEGIN
    IF INSERTING AND :NEW.TEAM_ID IS NULL THEN
      SELECT TEAM_SEQ.NEXTVAL INTO :NEW.TEAM_ID FROM SYS.DUAL;
    END IF;
  END COLUMN_SEQUENCES;
END;
/
ALTER TRIGGER "TEAM_PK_ID" ENABLE;
--------------------------------------------------------
--  DDL for Trigger TRAVEL_AGENT_PK_ID
--------------------------------------------------------

  CREATE OR REPLACE TRIGGER "TRAVEL_AGENT_PK_ID" 
BEFORE INSERT ON TRAVEL_AGENT 
FOR EACH ROW 
BEGIN
  <<COLUMN_SEQUENCES>>
  BEGIN
    IF INSERTING AND :NEW.AGENT_ID IS NULL THEN
      SELECT TRAVEL_AGENT_SEQ.NEXTVAL INTO :NEW.AGENT_ID FROM SYS.DUAL;
    END IF;
  END COLUMN_SEQUENCES;
END;
/
ALTER TRIGGER "TRAVEL_AGENT_PK_ID" ENABLE;
--------------------------------------------------------
--  DDL for Trigger TRAVEL_DOCUMENT_PK_ID
--------------------------------------------------------

  CREATE OR REPLACE TRIGGER "TRAVEL_DOCUMENT_PK_ID" 
BEFORE INSERT ON TRAVEL_DOCUMENT 
FOR EACH ROW 
BEGIN
  <<COLUMN_SEQUENCES>>
  BEGIN
    IF INSERTING AND :NEW.TRAVEL_DOCUMENT_ID IS NULL THEN
      SELECT TRAVEL_DOCUMENT_SEQ.NEXTVAL INTO :NEW.TRAVEL_DOCUMENT_ID FROM SYS.DUAL;
    END IF;
  END COLUMN_SEQUENCES;
END;
/
ALTER TRIGGER "TRAVEL_DOCUMENT_PK_ID" ENABLE;
--------------------------------------------------------
--  DDL for Trigger TRAVEL_DOCUMENT_UPDATE
--------------------------------------------------------

  CREATE OR REPLACE TRIGGER "TRAVEL_DOCUMENT_UPDATE" 
BEFORE UPDATE OF FIN_STATUS,CFO_STATUS,MGR_STATUS ON TRAVEL_DOCUMENT 
FOR EACH ROW 
BEGIN
  IF :OLD.FIN_STATUS != :NEW.FIN_STATUS THEN
      :NEW.FIN_LAST_MODIFICATION := CURRENT_TIMESTAMP;
  END IF;
  
  IF :OLD.CFO_STATUS != :NEW.CFO_STATUS THEN
      :NEW.CFO_LAST_MODIFICATION := CURRENT_TIMESTAMP;
  END IF;
  
  IF :OLD.MGR_STATUS != :NEW.MGR_STATUS THEN
      :NEW.MGR_LAST_MODIFICATION := CURRENT_TIMESTAMP;
  END IF;
END;
/
ALTER TRIGGER "TRAVEL_DOCUMENT_UPDATE" ENABLE;

